t,cam_center_x,face_x_asignada,distancia,conf_asignada
0.0000,1551.0,1551.5,0.5,0.9716
0.0333,1551.0,1544.7,6.3,
0.0667,1551.0,1537.8,13.2,
0.1000,1551.0,1531.0,20.0,0.9704
0.1333,1551.0,1527.3,23.7,
0.1667,1551.0,1523.7,27.3,
0.2000,1551.0,1520.0,31.0,0.9719
0.2333,1551.0,1513.5,37.5,
0.2667,1551.0,1507.0,44.0,
0.3000,1551.0,1500.5,50.5,0.9650
0.3333,1551.0,1500.2,50.8,
0.3667,1551.0,1499.8,51.2,
0.4000,1551.0,1499.5,51.5,0.9681
0.4333,1551.0,1502.0,49.0,
0.4667,1551.0,1504.5,46.5,
0.5000,1551.0,1507.0,44.0,0.9720
0.5333,1551.0,1510.3,40.7,
0.5667,1551.0,1513.7,37.3,
0.6000,1551.0,1517.0,34.0,0.9672
0.6333,1551.0,1518.7,32.3,
0.6667,1551.0,1520.3,30.7,
0.7000,1551.0,1522.0,29.0,0.9425
0.7333,1551.0,1514.7,36.3,
0.7667,1551.0,1507.3,43.7,
0.8000,1551.0,1500.0,51.0,0.9422
0.8333,1551.0,1499.2,51.8,
0.8667,1551.0,1498.3,52.7,
0.9000,1551.0,1497.5,53.5,0.9317
0.9333,1551.0,1499.0,52.0,
0.9667,1551.0,1500.5,50.5,
1.0000,1551.0,1502.0,49.0,0.9491
1.0333,1551.0,1498.7,52.3,
1.0667,1551.0,1495.3,55.7,
1.1000,1551.0,1492.0,59.0,0.9295
1.1333,1551.0,1491.3,59.7,
1.1667,1551.0,1490.7,60.3,
1.2000,1551.0,1490.0,61.0,0.9297
1.2333,1551.0,1492.2,58.8,
1.2667,1551.0,1494.3,56.7,
1.3000,1551.0,1496.5,54.5,0.9409
1.3333,1551.0,1494.2,56.8,
1.3667,1551.0,1491.8,59.2,
1.4000,1551.0,1489.5,61.5,0.9483
1.4333,1551.0,1493.7,57.3,
1.4667,1551.0,1497.8,53.2,
1.5000,1551.0,1502.0,49.0,0.9410
1.5333,1551.0,1500.7,50.3,
1.5667,1551.0,1499.3,51.7,
1.6000,1551.0,1498.0,53.0,0.9486
1.6333,1551.0,1501.0,50.0,
1.6667,1551.0,1504.0,47.0,
1.7000,1551.0,1507.0,44.0,0.9416
1.7333,1551.0,1507.2,43.8,
1.7667,1551.0,1507.3,43.7,
1.8000,1551.0,1507.5,43.5,0.9434
1.8333,1551.0,1504.3,46.7,
1.8667,1551.0,1501.2,49.8,
1.9000,1551.0,1498.0,53.0,0.9467
1.9333,1551.0,1497.8,53.2,
1.9667,1551.0,1497.7,53.3,
2.0000,1551.0,1497.5,53.5,0.9534
2.0333,1551.0,1504.7,46.3,
2.0667,1551.0,1511.8,39.2,
2.1000,1551.0,1519.0,32.0,0.9533
2.1333,1551.0,1510.8,40.2,
2.1667,1551.0,1502.7,48.3,
2.2000,1551.0,1494.5,56.5,0.9468
2.2333,1551.0,1499.5,51.5,
2.2667,1551.0,1504.5,46.5,
2.3000,1551.0,1509.5,41.5,0.9409
2.3333,1551.0,1507.5,43.5,
2.3667,1551.0,1505.5,45.5,
2.4000,1551.0,1503.5,47.5,0.9529
2.4333,1551.0,1508.0,43.0,
2.4667,1551.0,1512.5,38.5,
2.5000,1551.0,1517.0,34.0,0.9208
2.5333,1551.0,1516.2,34.8,
2.5667,1551.0,1515.3,35.7,
2.6000,1551.0,1514.5,36.5,0.9470
2.6333,1551.0,1517.8,33.2,
2.6667,1551.0,1521.2,29.8,
2.7000,1551.0,1524.5,26.5,0.9496
2.7333,1551.0,1528.5,22.5,
2.7667,1551.0,1532.5,18.5,
2.8000,1551.0,1536.5,14.5,0.9662
2.8333,1551.0,1539.3,11.7,
2.8667,1551.0,1542.2,8.8,
2.9000,1551.0,1545.0,6.0,0.9629
2.9333,1551.0,1544.2,6.8,
2.9667,1551.0,1543.3,7.7,
3.0000,1551.0,1542.5,8.5,0.9470
3.0333,1551.0,1543.3,7.7,
3.0667,1551.0,1544.2,6.8,
3.1000,1551.0,1545.0,6.0,0.9709
3.1333,1551.0,1543.7,7.3,
3.1667,1551.0,1542.3,8.7,
3.2000,1551.0,1541.0,10.0,0.9664
3.2333,1551.0,1540.5,10.5,
3.2667,1551.0,1540.0,11.0,
3.3000,1551.0,1539.5,11.5,0.9597
3.3333,1551.0,1534.7,16.3,
3.3667,1551.0,1529.8,21.2,
3.4000,1551.0,1525.0,26.0,0.9607
3.4333,1551.0,1530.0,21.0,
3.4667,1551.0,1535.0,16.0,
3.5000,1551.0,1540.0,11.0,0.9624
3.5333,1551.0,1537.8,13.2,
3.5667,1551.0,1535.7,15.3,
3.6000,1551.0,1533.5,17.5,0.9674
3.6333,1551.0,1533.0,18.0,
3.6667,1551.0,1532.5,18.5,
3.7000,1551.0,1532.0,19.0,0.9576
3.7333,1551.0,1524.5,26.5,
3.7667,1551.0,1517.0,34.0,
3.8000,1551.0,1509.5,41.5,0.9466
3.8333,1551.0,1510.3,40.7,
3.8667,1551.0,1511.2,39.8,
3.9000,1551.0,1512.0,39.0,0.9512
3.9333,1551.0,1517.8,33.2,
3.9667,1551.0,1523.7,27.3,
4.0000,1551.0,1529.5,21.5,0.9367
4.0333,1551.0,1527.7,23.3,
4.0667,1551.0,1525.8,25.2,
4.1000,1551.0,1524.0,27.0,0.9285
4.1333,1551.0,1522.5,28.5,
4.1667,1551.0,1521.0,30.0,
4.2000,1551.0,1519.5,31.5,0.9294
4.2333,1551.0,1516.7,34.3,
4.2667,1551.0,1513.8,37.2,
4.3000,1551.0,1511.0,40.0,0.9392
4.3333,1551.0,1509.2,41.8,
4.3667,1551.0,1507.3,43.7,
4.4000,1551.0,1505.5,45.5,0.9310
4.4333,1551.0,1506.2,44.8,
4.4667,1551.0,1506.8,44.2,
4.5000,1551.0,1507.5,43.5,0.9501
4.5333,1551.0,1509.0,42.0,
4.5667,1551.0,1510.5,40.5,
4.6000,1551.0,1512.0,39.0,0.9535
4.6333,1551.0,1516.7,34.3,
4.6667,1551.0,1521.3,29.7,
4.7000,1551.0,1526.0,25.0,0.9484
4.7333,1551.0,1525.7,25.3,
4.7667,1551.0,1525.3,25.7,
4.8000,1551.0,1525.0,26.0,0.9619
4.8333,1551.0,1526.5,24.5,
4.8667,1551.0,1528.0,23.0,
4.9000,1551.0,1529.5,21.5,0.9726
4.9333,1551.0,1530.3,20.7,
4.9667,1551.0,1531.2,19.8,
5.0000,1551.0,1532.0,19.0,0.9629
5.0333,1551.0,1532.2,18.8,
5.0667,1551.0,1532.3,18.7,
5.1000,1551.0,1532.5,18.5,0.9624
5.1333,1551.0,1532.0,19.0,
5.1667,1551.0,1531.5,19.5,
5.2000,1551.0,1531.0,20.0,0.9614
5.2333,1551.0,1532.2,18.8,
5.2667,1551.0,1533.3,17.7,
5.3000,1551.0,1534.5,16.5,0.9521
5.3333,1551.0,1535.2,15.8,
5.3667,1551.0,1535.8,15.2,
5.4000,1551.0,1536.5,14.5,0.9475
5.4333,1551.0,1533.5,17.5,
5.4667,1551.0,1530.5,20.5,
5.5000,1551.0,1527.5,23.5,0.9656
5.5333,1551.0,1527.7,23.3,
5.5667,1551.0,1527.8,23.2,
5.6000,1551.0,1528.0,23.0,0.9725
5.6333,1551.0,1525.8,25.2,
5.6667,1551.0,1523.7,27.3,
5.7000,1551.0,1521.5,29.5,0.9594
5.7333,1551.0,1521.5,29.5,
5.7667,1551.0,1521.5,29.5,
5.8000,1551.0,1521.5,29.5,0.9634
5.8333,1551.0,1520.5,30.5,
5.8667,1551.0,1519.5,31.5,
5.9000,1551.0,1518.5,32.5,0.9537
5.9333,1551.0,1519.8,31.2,
5.9667,1551.0,1521.2,29.8,
6.0000,1551.0,1522.5,28.5,0.9551
6.0333,1551.0,1522.0,29.0,
6.0667,1551.0,1521.5,29.5,
6.1000,1551.0,1521.0,30.0,0.9615
6.1333,1551.0,1517.8,33.2,
6.1667,1551.0,1514.7,36.3,
6.2000,1551.0,1511.5,39.5,0.9577
6.2333,1551.0,1509.5,41.5,
6.2667,1551.0,1507.5,43.5,
6.3000,1551.0,1505.5,45.5,0.9457
6.3333,1551.0,1506.7,44.3,
6.3667,1551.0,1507.8,43.2,
6.4000,1551.0,1509.0,42.0,0.9557
6.4333,1551.0,1509.7,41.3,
6.4667,1551.0,1510.3,40.7,
6.5000,1551.0,1511.0,40.0,0.9394
6.5333,1551.0,1511.3,39.7,
6.5667,1551.0,1511.7,39.3,
6.6000,1551.0,1512.0,39.0,0.9531
6.6333,1551.0,1510.3,40.7,
6.6667,1551.0,1508.7,42.3,
6.7000,1551.0,1507.0,44.0,0.9411
6.7333,1551.0,1505.8,45.2,
6.7667,1551.0,1504.7,46.3,
6.8000,1551.0,1503.5,47.5,0.9200
6.8333,1551.0,1503.3,47.7,
6.8667,1551.0,1503.2,47.8,
6.9000,1551.0,1503.0,48.0,0.8996
6.9333,1551.0,1506.0,45.0,
6.9667,1551.0,1509.0,42.0,
7.0000,1551.0,1512.0,39.0,0.9106
7.0333,1551.0,1509.0,42.0,
7.0667,1551.0,1506.0,45.0,
7.1000,1551.0,1503.0,48.0,0.8935
7.1333,1551.0,1499.2,51.8,
7.1667,1551.0,1495.3,55.7,
7.2000,1551.0,1491.5,59.5,0.8952
7.2333,1551.0,1492.5,58.5,
7.2667,1551.0,1493.5,57.5,
7.3000,1551.0,1494.5,56.5,0.8864
7.3333,1551.0,1497.0,54.0,
7.3667,1551.0,1499.5,51.5,
7.4000,1551.0,1502.0,49.0,0.8750
7.4333,1551.0,1506.7,44.3,
7.4667,1551.0,1511.3,39.7,
7.5000,1551.0,1516.0,35.0,0.9056
7.5333,1551.0,1517.7,33.3,
7.5667,1551.0,1519.3,31.7,
7.6000,1551.0,1521.0,30.0,0.9316
7.6333,1551.0,1519.5,31.5,
7.6667,1551.0,1518.0,33.0,
7.7000,1551.0,1516.5,34.5,0.9025
7.7333,1551.0,1539.0,12.0,
7.7667,1551.0,1561.5,10.5,
7.8000,1551.0,1584.0,33.0,0.9431
7.8333,1551.0,1587.5,36.5,
7.8667,1551.0,1591.0,40.0,
7.9000,1551.0,1594.5,43.5,0.9302
7.9333,1551.0,1597.8,46.8,
7.9667,1551.0,1601.2,50.2,
8.0000,1551.0,1604.5,53.5,0.9236
8.0333,1551.0,1608.5,57.5,
8.0667,1551.0,1612.5,61.5,
8.1000,1551.0,1616.5,65.5,0.8920
8.1333,1551.0,1616.0,65.0,
8.1667,1551.0,1615.5,64.5,
8.2000,1551.0,1615.0,64.0,0.8832
8.2333,1551.0,1615.7,64.7,
8.2667,1551.0,1616.3,65.3,
8.3000,1551.0,1617.0,66.0,0.8653
8.3333,1551.0,1619.0,68.0,
8.3667,1551.0,1621.0,70.0,
8.4000,1551.0,1623.0,72.0,0.8615
8.4333,1551.0,1622.0,71.0,
8.4667,1551.0,1621.0,70.0,
8.5000,1551.0,1620.0,69.0,0.8870
8.5333,1551.0,1612.7,61.7,
8.5667,1551.0,1605.3,54.3,
8.6000,1551.0,1598.0,47.0,0.9325
8.6333,1551.0,1596.5,45.5,
8.6667,1551.0,1595.0,44.0,
8.7000,1551.0,1593.5,42.5,0.9233
8.7333,1551.0,1595.5,44.5,
8.7667,1551.0,1597.5,46.5,
8.8000,1551.0,1599.5,48.5,0.9203
8.8333,1551.0,1600.7,49.7,
8.8667,1551.0,1601.8,50.8,
8.9000,1551.0,1603.0,52.0,0.9351
8.9333,1551.0,1605.2,54.2,
8.9667,1551.0,1607.3,56.3,
9.0000,1551.0,1609.5,58.5,0.9164
9.0333,1551.0,1608.8,57.8,
9.0667,1551.0,1608.2,57.2,
9.1000,1551.0,1607.5,56.5,0.9281
9.1333,1551.0,1603.0,52.0,
9.1667,1551.0,1598.5,47.5,
9.2000,1551.0,1594.0,43.0,0.9487
9.2333,1551.0,1589.3,38.3,
9.2667,1551.0,1584.7,33.7,
9.3000,1551.0,1580.0,29.0,0.9459
9.3333,1551.0,1577.0,26.0,
9.3667,1551.0,1574.0,23.0,
9.4000,1551.0,1571.0,20.0,0.9481
9.4333,1551.0,1571.7,20.7,
9.4667,1551.0,1572.3,21.3,
9.5000,1551.0,1573.0,22.0,0.9441
9.5333,1551.0,1569.5,18.5,
9.5667,1551.0,1566.0,15.0,
9.6000,1551.0,1562.5,11.5,0.9510
9.6333,1551.0,1561.5,10.5,
9.6667,1551.0,1560.5,9.5,
9.7000,1551.0,1559.5,8.5,0.9503
9.7333,1551.0,1557.0,6.0,
9.7667,1551.0,1554.5,3.5,
9.8000,1551.0,1552.0,1.0,0.9485
9.8333,1551.0,1554.0,3.0,
9.8667,1551.0,1556.0,5.0,
9.9000,1551.0,1558.0,7.0,0.9544
9.9333,1551.0,1565.8,14.8,
9.9667,1551.0,1573.7,22.7,
10.0000,1551.0,1581.5,30.5,0.9421
10.0333,1551.0,1586.0,35.0,
10.0667,1551.0,1590.5,39.5,
10.1000,1551.0,1595.0,44.0,0.9326
10.1333,1551.0,1598.2,47.2,
10.1667,1551.0,1601.3,50.3,
10.2000,1551.0,1604.5,53.5,0.9040
10.2333,1551.0,1608.3,57.3,
10.2667,1551.0,1612.2,61.2,
10.3000,1551.0,1616.0,65.0,0.9129
10.3333,1551.0,1619.5,68.5,
10.3667,1551.0,1623.0,72.0,
10.4000,1551.0,1626.5,75.5,0.9036
10.4333,1551.0,1631.0,80.0,
10.4667,1551.0,1635.5,84.5,
10.5000,1551.0,1640.0,89.0,0.9422
10.5333,1551.0,1642.8,91.8,
10.5667,1551.0,1645.7,94.7,
10.6000,1551.0,1648.5,97.5,0.9377
10.6333,1551.0,1645.2,94.2,
10.6667,1551.0,1641.8,90.8,
10.7000,1551.0,1638.5,87.5,0.9439
10.7333,1551.0,1636.5,85.5,
10.7667,1551.0,1634.5,83.5,
10.8000,1551.0,1632.5,81.5,0.9229
10.8333,1551.0,1629.3,78.3,
10.8667,1551.0,1626.2,75.2,
10.9000,1551.0,1623.0,72.0,0.9102
10.9333,1551.0,1618.8,67.8,
10.9667,1551.0,1614.7,63.7,
11.0000,1551.0,1610.5,59.5,0.9036
11.0333,1551.0,1608.3,57.3,
11.0667,1551.0,1606.2,55.2,
11.1000,1551.0,1604.0,53.0,0.9238
11.1333,1551.0,1607.3,56.3,
11.1667,1551.0,1610.7,59.7,
11.2000,1551.0,1614.0,63.0,0.9111
11.2333,1551.0,1607.8,56.8,
11.2667,1551.0,1601.7,50.7,
11.3000,1551.0,1595.5,44.5,0.8998
11.3333,1551.0,1595.2,44.2,
11.3667,1551.0,1594.8,43.8,
11.4000,1551.0,1594.5,43.5,0.8938
11.4333,1551.0,1588.0,37.0,
11.4667,1551.0,1581.5,30.5,
11.5000,1551.0,1575.0,24.0,0.8534
11.5333,1551.0,1571.7,20.7,
11.5667,1551.0,1568.3,17.3,
11.6000,1551.0,1565.0,14.0,0.8756
11.6333,1551.0,1567.8,16.8,
11.6667,1551.0,1570.7,19.7,
11.7000,1551.0,1573.5,22.5,0.8967
11.7333,1551.0,1573.7,22.7,
11.7667,1551.0,1573.8,22.8,
11.8000,1551.0,1574.0,23.0,0.8993
11.8333,1551.0,1573.7,22.7,
11.8667,1551.0,1573.3,22.3,
11.9000,1551.0,1573.0,22.0,0.9055
11.9333,1551.0,1572.2,21.2,
11.9667,1551.0,1571.3,20.3,
12.0000,1551.0,1570.5,19.5,0.9026
12.0333,1551.0,1570.0,19.0,
12.0667,1551.0,1569.5,18.5,
12.1000,1551.0,1569.0,18.0,0.9336
12.1333,1551.0,1565.7,14.7,
12.1667,1551.0,1562.3,11.3,
12.2000,1551.0,1559.0,8.0,0.9431
12.2333,1551.0,1557.0,6.0,
12.2667,1551.0,1555.0,4.0,
12.3000,1551.0,1553.0,2.0,0.9426
12.3333,1551.0,1550.8,0.2,
12.3667,1551.0,1548.7,2.3,
12.4000,1551.0,1546.5,4.5,0.9277
12.4333,1551.0,1546.3,4.7,
12.4667,1551.0,1546.2,4.8,
12.5000,1551.0,1546.0,5.0,0.9460
12.5333,1551.0,1544.5,6.5,
12.5667,1551.0,1543.0,8.0,
12.6000,1551.0,1541.5,9.5,0.9293
12.6333,1551.0,1540.5,10.5,
12.6667,1551.0,1539.5,11.5,
12.7000,1551.0,1538.5,12.5,0.9165
12.7333,1551.0,1549.5,1.5,
12.7667,1551.0,1560.5,9.5,
12.8000,1551.0,1571.5,20.5,0.9345
12.8333,1551.0,1573.7,22.7,
12.8667,1551.0,1575.8,24.8,
12.9000,1551.0,1578.0,27.0,0.9286
12.9333,1551.0,1583.3,32.3,
12.9667,1551.0,1588.7,37.7,
13.0000,1551.0,1594.0,43.0,0.9272
13.0333,1551.0,1593.7,42.7,
13.0667,1551.0,1593.3,42.3,
13.1000,1551.0,1593.0,42.0,0.9518
13.1333,1551.0,1593.0,42.0,
13.1667,1551.0,1593.0,42.0,
13.2000,1551.0,1593.0,42.0,0.9462
13.2333,1551.0,1582.0,31.0,
13.2667,1551.0,1571.0,20.0,
13.3000,1551.0,1560.0,9.0,0.9459
13.3333,1551.0,1561.8,10.8,
13.3667,1551.0,1563.7,12.7,
13.4000,1551.0,1565.5,14.5,0.9294
13.4333,1551.0,1555.8,4.8,
13.4667,1551.0,1546.2,4.8,
13.5000,1551.0,1536.5,14.5,0.9217
13.5333,1551.0,1536.0,15.0,
13.5667,1551.0,1535.5,15.5,
13.6000,1551.0,1535.0,16.0,0.9334
13.6333,1551.0,1533.0,18.0,
13.6667,1551.0,1531.0,20.0,
13.7000,1551.0,1529.0,22.0,0.9501
13.7333,1551.0,1533.3,17.7,
13.7667,1551.0,1537.7,13.3,
13.8000,1551.0,1542.0,9.0,0.9414
13.8333,1551.0,1545.5,5.5,
13.8667,1551.0,1549.0,2.0,
13.9000,1551.0,1552.5,1.5,0.9267
13.9333,1551.0,1559.2,8.2,
13.9667,1551.0,1565.8,14.8,
14.0000,1551.0,1572.5,21.5,0.9295
14.0333,1551.0,1576.0,25.0,
14.0667,1551.0,1579.5,28.5,
14.1000,1551.0,1583.0,32.0,0.9182
14.1333,1551.0,1581.3,30.3,
14.1667,1551.0,1579.7,28.7,
14.2000,1551.0,1578.0,27.0,0.8937
14.2333,1551.0,1579.8,28.8,
14.2667,1551.0,1581.7,30.7,
14.3000,1551.0,1583.5,32.5,0.9078
14.3333,1551.0,1577.2,26.2,
14.3667,1551.0,1570.8,19.8,
14.4000,1551.0,1564.5,13.5,0.9220
14.4333,1551.0,1562.0,11.0,
14.4667,1551.0,1559.5,8.5,
14.5000,1551.0,1557.0,6.0,0.9248
14.5333,1551.0,1555.7,4.7,
14.5667,1551.0,1554.3,3.3,
14.6000,1551.0,1553.0,2.0,0.9333
14.6333,1551.0,1557.8,6.8,
14.6667,1551.0,1562.7,11.7,
14.7000,1551.0,1567.5,16.5,0.9094
14.7333,1551.0,1572.3,21.3,
14.7667,1551.0,1577.2,26.2,
14.8000,1551.0,1582.0,31.0,0.8621
14.8333,1551.0,1582.8,31.8,
14.8667,1551.0,1583.7,32.7,
14.9000,1551.0,1584.5,33.5,0.8666
14.9333,1551.0,1589.8,38.8,
14.9667,1551.0,1595.2,44.2,
15.0000,1551.0,1600.5,49.5,0.8648
15.0333,1551.0,1603.0,52.0,
15.0667,1551.0,1605.5,54.5,
15.1000,1551.0,1608.0,57.0,0.8876
15.1333,1551.0,1602.7,51.7,
15.1667,1551.0,1597.3,46.3,
15.2000,1551.0,1592.0,41.0,0.8751
15.2333,1551.0,1600.2,49.2,
15.2667,1551.0,1608.3,57.3,
15.3000,1551.0,1616.5,65.5,0.9011
15.3333,1551.0,1615.0,64.0,
15.3667,1551.0,1613.5,62.5,
15.4000,1551.0,1612.0,61.0,0.8909
15.4333,1551.0,1604.3,53.3,
15.4667,1551.0,1596.7,45.7,
15.5000,1551.0,1589.0,38.0,0.9074
15.5333,1551.0,1591.3,40.3,
15.5667,1551.0,1593.7,42.7,
15.6000,1551.0,1596.0,45.0,0.9033
15.6333,1551.0,1597.7,46.7,
15.6667,1551.0,1599.3,48.3,
15.7000,1551.0,1601.0,50.0,0.8948
15.7333,1551.0,1603.8,52.8,
15.7667,1551.0,1606.7,55.7,
15.8000,1551.0,1609.5,58.5,0.9049
15.8333,1551.0,1612.3,61.3,
15.8667,1551.0,1615.2,64.2,
15.9000,1551.0,1618.0,67.0,0.9112
15.9333,1551.0,1619.3,68.3,
15.9667,1551.0,1620.7,69.7,
16.0000,1551.0,1622.0,71.0,0.8887
16.0333,1551.0,1619.3,68.3,
16.0667,1551.0,1616.7,65.7,
16.1000,1551.0,1614.0,63.0,0.9055
16.1333,1551.0,1610.5,59.5,
16.1667,1551.0,1607.0,56.0,
16.2000,1551.0,1603.5,52.5,0.9127
16.2333,1551.0,1603.3,52.3,
16.2667,1551.0,1603.2,52.2,
16.3000,1551.0,1603.0,52.0,0.8751
16.3333,1551.0,1597.8,46.8,
16.3667,1551.0,1592.7,41.7,
16.4000,1551.0,1587.5,36.5,0.8590
16.4333,1551.0,1579.8,28.8,
16.4667,1551.0,1572.2,21.2,
16.5000,1551.0,1564.5,13.5,0.8713
16.5333,1551.0,1565.5,14.5,
16.5667,1551.0,1566.5,15.5,
16.6000,1551.0,1567.5,16.5,0.8606
16.6333,1551.0,1565.0,14.0,
16.6667,1551.0,1562.5,11.5,
16.7000,1551.0,1560.0,9.0,0.8900
16.7333,1551.0,1561.0,10.0,
16.7667,1551.0,1562.0,11.0,
16.8000,1551.0,1563.0,12.0,0.9202
16.8333,1551.0,1564.7,13.7,
16.8667,1551.0,1566.3,15.3,
16.9000,1551.0,1568.0,17.0,0.9207
16.9333,1551.0,1576.8,25.8,
16.9667,1551.0,1585.7,34.7,
17.0000,1551.0,1594.5,43.5,0.9110
17.0333,1551.0,1601.8,50.8,
17.0667,1551.0,1609.2,58.2,
17.1000,1551.0,1616.5,65.5,0.9080
17.1333,1551.0,1617.8,66.8,
17.1667,1551.0,1619.2,68.2,
17.2000,1551.0,1620.5,69.5,0.9272
17.2333,1551.0,1624.7,73.7,
17.2667,1551.0,1628.8,77.8,
17.3000,1551.0,1633.0,82.0,0.9556
17.3333,1551.0,1605.8,54.8,
17.3667,1551.0,1578.7,27.7,
17.4000,1551.0,1551.5,0.5,0.9712
17.4333,1551.0,1547.5,3.5,
17.4667,1551.0,1543.5,7.5,
17.5000,1551.0,1539.5,11.5,0.9774
17.5333,1551.0,1537.7,13.3,
17.5667,1551.0,1535.8,15.2,
17.6000,1551.0,1534.0,17.0,0.9727
17.6333,1551.0,1530.0,21.0,
17.6667,1551.0,1526.0,25.0,
17.7000,1551.0,1522.0,29.0,0.9587
17.7333,1551.0,1524.2,26.8,
17.7667,1551.0,1526.3,24.7,
17.8000,1551.0,1528.5,22.5,0.9647
17.8333,1551.0,1525.8,25.2,
17.8667,1551.0,1523.2,27.8,
17.9000,1551.0,1520.5,30.5,0.9670
17.9333,1551.0,1518.5,32.5,
17.9667,1551.0,1516.5,34.5,
18.0000,1551.0,1514.5,36.5,0.9709
18.0333,1551.0,1515.7,35.3,
18.0667,1551.0,1516.8,34.2,
18.1000,1551.0,1518.0,33.0,0.9735
18.1333,1551.0,1522.0,29.0,
18.1667,1551.0,1526.0,25.0,
18.2000,1551.0,1530.0,21.0,0.9709
18.2333,1551.0,1536.0,15.0,
18.2667,1551.0,1542.0,9.0,
18.3000,1551.0,1548.0,3.0,0.9669
18.3333,1551.0,1548.0,3.0,
18.3667,1551.0,1548.0,3.0,
18.4000,1551.0,1548.0,3.0,0.9520
18.4333,1551.0,1548.5,2.5,
18.4667,1551.0,1549.0,2.0,
18.5000,1551.0,1549.5,1.5,0.9511
18.5333,1551.0,1545.3,5.7,
18.5667,1551.0,1541.2,9.8,
18.6000,1551.0,1537.0,14.0,0.9580
18.6333,1551.0,1536.7,14.3,
18.6667,1551.0,1536.3,14.7,
18.7000,1551.0,1536.0,15.0,0.9695
18.7333,1551.0,1539.0,12.0,
18.7667,1551.0,1542.0,9.0,
18.8000,1551.0,1545.0,6.0,0.9614
18.8333,1551.0,1540.7,10.3,
18.8667,1551.0,1536.3,14.7,
18.9000,1551.0,1532.0,19.0,0.9405
18.9333,1551.0,1533.0,18.0,
18.9667,1551.0,1534.0,17.0,
19.0000,1551.0,1535.0,16.0,0.9409
19.0333,1551.0,1534.5,16.5,
19.0667,1551.0,1534.0,17.0,
19.1000,1551.0,1533.5,17.5,0.9400
19.1333,1551.0,1530.7,20.3,
19.1667,1551.0,1527.8,23.2,
19.2000,1551.0,1525.0,26.0,0.9509
19.2333,1551.0,1527.7,23.3,
19.2667,1551.0,1530.3,20.7,
19.3000,1551.0,1533.0,18.0,0.9599
19.3333,1551.0,1536.5,14.5,
19.3667,1551.0,1540.0,11.0,
19.4000,1551.0,1543.5,7.5,0.9667
19.4333,1551.0,1542.3,8.7,
19.4667,1551.0,1541.2,9.8,
19.5000,1551.0,1540.0,11.0,0.9575
19.5333,1551.0,1539.0,12.0,
19.5667,1551.0,1538.0,13.0,
19.6000,1551.0,1537.0,14.0,0.9570
19.6333,1551.0,1543.2,7.8,
19.6667,1551.0,1549.3,1.7,
19.7000,1551.0,1555.5,4.5,0.9627
19.7333,1551.0,1558.0,7.0,
19.7667,1551.0,1560.5,9.5,
19.8000,1551.0,1563.0,12.0,0.9557
19.8333,1551.0,1566.3,15.3,
19.8667,1551.0,1569.7,18.7,
19.9000,1551.0,1573.0,22.0,0.9333
19.9333,1551.0,1570.5,19.5,
19.9667,1551.0,1568.0,17.0,
20.0000,1551.0,1565.5,14.5,0.9486
20.0333,1551.0,1571.7,20.7,
20.0667,1551.0,1577.8,26.8,
20.1000,1551.0,1584.0,33.0,0.9519
20.1333,1551.0,1582.5,31.5,
20.1667,1551.0,1581.0,30.0,
20.2000,1551.0,1579.5,28.5,0.9692
20.2333,1551.0,1581.8,30.8,
20.2667,1551.0,1584.2,33.2,
20.3000,1551.0,1586.5,35.5,0.9742
20.3333,1551.0,1585.7,34.7,
20.3667,1551.0,1584.8,33.8,
20.4000,1551.0,1584.0,33.0,0.9680
20.4333,1551.0,1583.3,32.3,
20.4667,1551.0,1582.7,31.7,
20.5000,1551.0,1582.0,31.0,0.9652
20.5333,1551.0,1583.8,32.8,
20.5667,1551.0,1585.7,34.7,
20.6000,1551.0,1587.5,36.5,0.9581
20.6333,1551.0,1591.8,40.8,
20.6667,1551.0,1596.2,45.2,
20.7000,1551.0,1600.5,49.5,0.9364
20.7333,1551.0,1600.7,49.7,
20.7667,1551.0,1600.8,49.8,
20.8000,1551.0,1601.0,50.0,0.9459
20.8333,1551.0,1602.0,51.0,
20.8667,1551.0,1603.0,52.0,
20.9000,1551.0,1604.0,53.0,0.9294
20.9333,1551.0,1604.5,53.5,
20.9667,1551.0,1605.0,54.0,
21.0000,1551.0,1605.5,54.5,0.9134
21.0333,1551.0,1606.3,55.3,
21.0667,1551.0,1607.2,56.2,
21.1000,1551.0,1608.0,57.0,0.9138
21.1333,1551.0,1606.5,55.5,
21.1667,1551.0,1605.0,54.0,
21.2000,1551.0,1603.5,52.5,0.9376
21.2333,1551.0,1603.3,52.3,
21.2667,1551.0,1603.2,52.2,
21.3000,1551.0,1603.0,52.0,0.9332
21.3333,1551.0,1603.0,52.0,
21.3667,1551.0,1603.0,52.0,
21.4000,1551.0,1603.0,52.0,0.9373
21.4333,1551.0,1604.3,53.3,
21.4667,1551.0,1605.7,54.7,
21.5000,1551.0,1607.0,56.0,0.9346
21.5333,1551.0,1608.5,57.5,
21.5667,1551.0,1610.0,59.0,
21.6000,1551.0,1611.5,60.5,0.9409
21.6333,1551.0,1612.7,61.7,
21.6667,1551.0,1613.8,62.8,
21.7000,1551.0,1615.0,64.0,0.9331
21.7333,1551.0,1613.2,62.2,
21.7667,1551.0,1611.3,60.3,
21.8000,1551.0,1609.5,58.5,0.9344
21.8333,1551.0,1606.0,55.0,
21.8667,1551.0,1602.5,51.5,
21.9000,1551.0,1599.0,48.0,0.9485
21.9333,1551.0,1596.2,45.2,
21.9667,1551.0,1593.3,42.3,
22.0000,1551.0,1590.5,39.5,0.9394
22.0333,1551.0,1584.7,33.7,
22.0667,1551.0,1578.8,27.8,
22.1000,1551.0,1573.0,22.0,0.9566
22.1333,1551.0,1568.5,17.5,
22.1667,1551.0,1564.0,13.0,
22.2000,1551.0,1559.5,8.5,0.9519
22.2333,1551.0,1558.7,7.7,
22.2667,1551.0,1557.8,6.8,
22.3000,1551.0,1557.0,6.0,0.9460
22.3333,1551.0,1556.0,5.0,
22.3667,1551.0,1555.0,4.0,
22.4000,1551.0,1554.0,3.0,0.9509
22.4333,1551.0,1554.7,3.7,
22.4667,1551.0,1555.3,4.3,
22.5000,1551.0,1556.0,5.0,0.9466
22.5333,1551.0,1557.0,6.0,
22.5667,1551.0,1558.0,7.0,
22.6000,1551.0,1559.0,8.0,0.9506
22.6333,1551.0,1562.8,11.8,
22.6667,1551.0,1566.7,15.7,
22.7000,1551.0,1570.5,19.5,0.9206
22.7333,1551.0,1568.8,17.8,
22.7667,1551.0,1567.2,16.2,
22.8000,1551.0,1565.5,14.5,0.9046
22.8333,1551.0,1564.2,13.2,
22.8667,1551.0,1562.8,11.8,
22.9000,1551.0,1561.5,10.5,0.9265
22.9333,1551.0,1561.0,10.0,
22.9667,1551.0,1560.5,9.5,
23.0000,1551.0,1560.0,9.0,0.9351
23.0333,1551.0,1562.5,11.5,
23.0667,1551.0,1565.0,14.0,
23.1000,1551.0,1567.5,16.5,0.9363
23.1333,1551.0,1569.7,18.7,
23.1667,1551.0,1571.8,20.8,
23.2000,1551.0,1574.0,23.0,0.9331
23.2333,1551.0,1571.5,20.5,
23.2667,1551.0,1569.0,18.0,
23.3000,1551.0,1566.5,15.5,0.9421
23.3333,1551.0,1566.7,15.7,
23.3667,1551.0,1566.8,15.8,
23.4000,1551.0,1567.0,16.0,0.9524
23.4333,1551.0,1567.5,16.5,
23.4667,1551.0,1568.0,17.0,
23.5000,1551.0,1568.5,17.5,0.9509
23.5333,1551.0,1569.2,18.2,
23.5667,1551.0,1569.8,18.8,
23.6000,1551.0,1570.5,19.5,0.9457
23.6333,1551.0,1572.5,21.5,
23.6667,1551.0,1574.5,23.5,
23.7000,1551.0,1576.5,25.5,0.9276
23.7333,1551.0,1577.3,26.3,
23.7667,1551.0,1578.2,27.2,
23.8000,1551.0,1579.0,28.0,0.9199
23.8333,1551.0,1577.7,26.7,
23.8667,1551.0,1576.3,25.3,
23.9000,1551.0,1575.0,24.0,0.9200
23.9333,1551.0,1577.0,26.0,
23.9667,1551.0,1579.0,28.0,
24.0000,1551.0,1581.0,30.0,0.9277
24.0333,1551.0,1582.5,31.5,
24.0667,1551.0,1584.0,33.0,
24.1000,1551.0,1585.5,34.5,0.9175
24.1333,1551.0,1585.2,34.2,
24.1667,1551.0,1584.8,33.8,
24.2000,1551.0,1584.5,33.5,0.9255
24.2333,1551.0,1584.2,33.2,
24.2667,1551.0,1583.8,32.8,
24.3000,1551.0,1583.5,32.5,0.9262
24.3333,1551.0,1579.3,28.3,
24.3667,1551.0,1575.2,24.2,
24.4000,1551.0,1571.0,20.0,0.9239
24.4333,1551.0,1571.2,20.2,
24.4667,1551.0,1571.3,20.3,
24.5000,1551.0,1571.5,20.5,0.9183
24.5333,1551.0,1576.7,25.7,
24.5667,1551.0,1581.8,30.8,
24.6000,1551.0,1587.0,36.0,0.9304
24.6333,1551.0,1584.0,33.0,
24.6667,1551.0,1581.0,30.0,
24.7000,1551.0,1578.0,27.0,0.9242
24.7333,1551.0,1578.0,27.0,
24.7667,1551.0,1578.0,27.0,
24.8000,1551.0,1578.0,27.0,0.9181
24.8333,1551.0,1580.7,29.7,
24.8667,1551.0,1583.3,32.3,
24.9000,1551.0,1586.0,35.0,0.9394
24.9333,1551.0,1585.2,34.2,
24.9667,1551.0,1584.3,33.3,
25.0000,1551.0,1583.5,32.5,0.9159
25.0333,1551.0,1586.5,35.5,
25.0667,1551.0,1589.5,38.5,
25.1000,1551.0,1592.5,41.5,0.9242
25.1333,1551.0,1589.0,38.0,
25.1667,1551.0,1585.5,34.5,
25.2000,1551.0,1582.0,31.0,0.9389
25.2333,1551.0,1581.2,30.2,
25.2667,1551.0,1580.3,29.3,
25.3000,1551.0,1579.5,28.5,0.9386
25.3333,1551.0,1578.7,27.7,
25.3667,1551.0,1577.8,26.8,
25.4000,1551.0,1577.0,26.0,0.9261
25.4333,1551.0,1577.7,26.7,
25.4667,1551.0,1578.3,27.3,
25.5000,1551.0,1579.0,28.0,0.9217
25.5333,1551.0,1581.0,30.0,
25.5667,1551.0,1583.0,32.0,
25.6000,1551.0,1585.0,34.0,0.9208
25.6333,1551.0,1585.3,34.3,
25.6667,1551.0,1585.7,34.7,
25.7000,1551.0,1586.0,35.0,0.9533
25.7333,1551.0,1586.3,35.3,
25.7667,1551.0,1586.7,35.7,
25.8000,1551.0,1587.0,36.0,0.9561
25.8333,1551.0,1588.0,37.0,
25.8667,1551.0,1589.0,38.0,
25.9000,1551.0,1590.0,39.0,0.9113
25.9333,1551.0,1589.7,38.7,
25.9667,1551.0,1589.3,38.3,
26.0000,1551.0,1589.0,38.0,0.9001
26.0333,1551.0,1589.5,38.5,
26.0667,1551.0,1590.0,39.0,
26.1000,1551.0,1590.5,39.5,0.9201
26.1333,1551.0,1591.2,40.2,
26.1667,1551.0,1591.8,40.8,
26.2000,1551.0,1592.5,41.5,0.9343
26.2333,1551.0,1592.7,41.7,
26.2667,1551.0,1592.8,41.8,
26.3000,1551.0,1593.0,42.0,0.9307
26.3333,1551.0,1598.7,47.7,
26.3667,1551.0,1604.3,53.3,
26.4000,1551.0,1610.0,59.0,0.9282
26.4333,1551.0,1610.3,59.3,
26.4667,1551.0,1610.7,59.7,
26.5000,1551.0,1611.0,60.0,0.9268
26.5333,1551.0,1608.8,57.8,
26.5667,1551.0,1606.7,55.7,
26.6000,1551.0,1604.5,53.5,0.9251
26.6333,1551.0,1600.5,49.5,
26.6667,1551.0,1596.5,45.5,
26.7000,1551.0,1592.5,41.5,0.9213
26.7333,1551.0,1592.3,41.3,
26.7667,1551.0,1592.2,41.2,
26.8000,1551.0,1592.0,41.0,0.9183
26.8333,1551.0,1590.0,39.0,
26.8667,1551.0,1588.0,37.0,
26.9000,1551.0,1586.0,35.0,0.9239
26.9333,1551.0,1585.7,34.7,
26.9667,1551.0,1585.3,34.3,
27.0000,1551.0,1585.0,34.0,0.9240
27.0333,1551.0,1584.7,33.7,
27.0667,1551.0,1584.3,33.3,
27.1000,1551.0,1584.0,33.0,0.9173
27.1333,1551.0,1583.3,32.3,
27.1667,1551.0,1582.7,31.7,
27.2000,1551.0,1582.0,31.0,0.9029
27.2333,1551.0,1584.2,33.2,
27.2667,1551.0,1586.3,35.3,
27.3000,1551.0,1588.5,37.5,0.9190
27.3333,1551.0,1584.8,33.8,
27.3667,1551.0,1581.2,30.2,
27.4000,1551.0,1577.5,26.5,0.8933
27.4333,1551.0,1576.3,25.3,
27.4667,1551.0,1575.2,24.2,
27.5000,1551.0,1574.0,23.0,0.8976
27.5333,1551.0,1567.3,16.3,
27.5667,1551.0,1560.7,9.7,
27.6000,1551.0,1554.0,3.0,0.9145
27.6333,1551.0,1554.2,3.2,
27.6667,1551.0,1554.3,3.3,
27.7000,1551.0,1554.5,3.5,0.9511
27.7333,1551.0,1554.8,3.8,
27.7667,1551.0,1555.2,4.2,
27.8000,1551.0,1555.5,4.5,0.9550
27.8333,1551.0,1555.2,4.2,
27.8667,1551.0,1554.8,3.8,
27.9000,1551.0,1554.5,3.5,0.9612
27.9333,1551.0,1555.0,4.0,
27.9667,1551.0,1555.5,4.5,
28.0000,1551.0,1556.0,5.0,0.9515
28.0333,1551.0,1557.8,6.8,
28.0667,1551.0,1559.7,8.7,
28.1000,1551.0,1561.5,10.5,0.9563
28.1333,1551.0,1562.7,11.7,
28.1667,1551.0,1563.8,12.8,
28.2000,1551.0,1565.0,14.0,0.9495
28.2333,1551.0,1564.5,13.5,
28.2667,1551.0,1564.0,13.0,
28.3000,1551.0,1563.5,12.5,0.9491
28.3333,1551.0,1561.8,10.8,
28.3667,1551.0,1560.2,9.2,
28.4000,1551.0,1558.5,7.5,0.9476
28.4333,1551.0,1561.3,10.3,
28.4667,1551.0,1564.2,13.2,
28.5000,1551.0,1567.0,16.0,0.9388
28.5333,1551.0,1566.0,15.0,
28.5667,1551.0,1565.0,14.0,
28.6000,1551.0,1564.0,13.0,0.9068
28.6333,1551.0,1569.2,18.2,
28.6667,1551.0,1574.3,23.3,
28.7000,1551.0,1579.5,28.5,0.8885
28.7333,1551.0,1577.8,26.8,
28.7667,1551.0,1576.2,25.2,
28.8000,1551.0,1574.5,23.5,0.8741
28.8333,1551.0,1577.3,26.3,
28.8667,1551.0,1580.2,29.2,
28.9000,1551.0,1583.0,32.0,0.9224
28.9333,1551.0,1580.8,29.8,
28.9667,1551.0,1578.7,27.7,
29.0000,1551.0,1576.5,25.5,0.9175
29.0333,1551.0,1570.0,19.0,
29.0667,1551.0,1563.5,12.5,
29.1000,1551.0,1557.0,6.0,0.9269
29.1333,1551.0,1558.2,7.2,
29.1667,1551.0,1559.3,8.3,
29.2000,1551.0,1560.5,9.5,0.9318
29.2333,1551.0,1558.7,7.7,
29.2667,1551.0,1556.8,5.8,
29.3000,1551.0,1555.0,4.0,0.9349
29.3333,1551.0,1554.7,3.7,
29.3667,1551.0,1554.3,3.3,
29.4000,1551.0,1554.0,3.0,0.9429
29.4333,1551.0,1553.2,2.2,
29.4667,1551.0,1552.3,1.3,
29.5000,1551.0,1551.5,0.5,0.9463
29.5333,1551.0,1556.3,5.3,
29.5667,1551.0,1561.2,10.2,
29.6000,1551.0,1566.0,15.0,0.9366
29.6333,1551.0,1566.2,15.2,
29.6667,1551.0,1566.3,15.3,
29.7000,1551.0,1566.5,15.5,0.9084
29.7333,1551.0,1574.0,23.0,
29.7667,1551.0,1581.5,30.5,
29.8000,1551.0,1589.0,38.0,0.8881
29.8333,1551.0,1588.3,37.3,
29.8667,1551.0,1587.7,36.7,
29.9000,1551.0,1587.0,36.0,0.9027
29.9333,1551.0,1588.5,37.5,
29.9667,1551.0,1590.0,39.0,
30.0000,1551.0,1591.5,40.5,0.9090
30.0333,1551.0,1592.7,41.7,
30.0667,1551.0,1593.8,42.8,
30.1000,1551.0,1595.0,44.0,0.9048
30.1333,1551.0,1598.0,47.0,
30.1667,1551.0,1601.0,50.0,
30.2000,1551.0,1604.0,53.0,0.9024
30.2333,1551.0,1600.5,49.5,
30.2667,1551.0,1597.0,46.0,
30.3000,1551.0,1593.5,42.5,0.8944
30.3333,1551.0,1598.2,47.2,
30.3667,1551.0,1602.8,51.8,
30.4000,1551.0,1607.5,56.5,0.9044
30.4333,1551.0,1605.0,54.0,
30.4667,1551.0,1602.5,51.5,
30.5000,1551.0,1600.0,49.0,0.9166
30.5333,1551.0,1599.5,48.5,
30.5667,1551.0,1599.0,48.0,
30.6000,1551.0,1598.5,47.5,0.9050
30.6333,1551.0,1595.3,44.3,
30.6667,1551.0,1592.2,41.2,
30.7000,1551.0,1589.0,38.0,0.9015
30.7333,1551.0,1588.5,37.5,
30.7667,1551.0,1588.0,37.0,
30.8000,1551.0,1587.5,36.5,0.9016
30.8333,1551.0,1585.3,34.3,
30.8667,1551.0,1583.2,32.2,
30.9000,1551.0,1581.0,30.0,0.9107
30.9333,1551.0,1578.8,27.8,
30.9667,1551.0,1576.7,25.7,
31.0000,1551.0,1574.5,23.5,0.9153
31.0333,1551.0,1578.0,27.0,
31.0667,1551.0,1581.5,30.5,
31.1000,1551.0,1585.0,34.0,0.9183
31.1333,1551.0,1586.0,35.0,
31.1667,1551.0,1587.0,36.0,
31.2000,1551.0,1588.0,37.0,0.9469
31.2333,1551.0,1586.2,35.2,
31.2667,1551.0,1584.3,33.3,
31.3000,1551.0,1582.5,31.5,0.9461
31.3333,1551.0,1580.0,29.0,
31.3667,1551.0,1577.5,26.5,
31.4000,1551.0,1575.0,24.0,0.9425
31.4333,1551.0,1575.2,24.2,
31.4667,1551.0,1575.3,24.3,
31.5000,1551.0,1575.5,24.5,0.9335
31.5333,1551.0,1574.3,23.3,
31.5667,1551.0,1573.2,22.2,
31.6000,1551.0,1572.0,21.0,0.9375
31.6333,1551.0,1572.7,21.7,
31.6667,1551.0,1573.3,22.3,
31.7000,1551.0,1574.0,23.0,0.9332
31.7333,1551.0,1575.0,24.0,
31.7667,1551.0,1576.0,25.0,
31.8000,1551.0,1577.0,26.0,0.9289
31.8333,1551.0,1582.8,31.8,
31.8667,1551.0,1588.7,37.7,
31.9000,1551.0,1594.5,43.5,0.8937
31.9333,1551.0,1601.5,50.5,
31.9667,1551.0,1608.5,57.5,
32.0000,1551.0,1615.5,64.5,0.8861
32.0333,1551.0,1612.8,61.8,
32.0667,1551.0,1610.2,59.2,
32.1000,1551.0,1607.5,56.5,0.8947
32.1333,1551.0,1605.3,54.3,
32.1667,1551.0,1603.2,52.2,
32.2000,1551.0,1601.0,50.0,0.9030
32.2333,1551.0,1603.2,52.2,
32.2667,1551.0,1605.3,54.3,
32.3000,1551.0,1607.5,56.5,0.8976
32.3333,1551.0,1609.8,58.8,
32.3667,1551.0,1612.2,61.2,
32.4000,1551.0,1614.5,63.5,0.9022
32.4333,1551.0,1611.8,60.8,
32.4667,1551.0,1609.2,58.2,
32.5000,1551.0,1606.5,55.5,0.9020
32.5333,1551.0,1606.8,55.8,
32.5667,1551.0,1607.2,56.2,
32.6000,1551.0,1607.5,56.5,0.9037
32.6333,1551.0,1607.0,56.0,
32.6667,1551.0,1606.5,55.5,
32.7000,1551.0,1606.0,55.0,0.9042
32.7333,1551.0,1606.2,55.2,
32.7667,1551.0,1606.3,55.3,
32.8000,1551.0,1606.5,55.5,0.9071
32.8333,1551.0,1599.5,48.5,
32.8667,1551.0,1592.5,41.5,
32.9000,1551.0,1585.5,34.5,0.9087
32.9333,1551.0,1581.8,30.8,
32.9667,1551.0,1578.2,27.2,
33.0000,1551.0,1574.5,23.5,0.9125
33.0333,1551.0,1577.7,26.7,
33.0667,1551.0,1580.8,29.8,
33.1000,1551.0,1584.0,33.0,0.9092
33.1333,1551.0,1584.7,33.7,
33.1667,1551.0,1585.3,34.3,
33.2000,1551.0,1586.0,35.0,0.9140
33.2333,1551.0,1593.7,42.7,
33.2667,1551.0,1601.3,50.3,
33.3000,1551.0,1609.0,58.0,0.9102
33.3333,1551.0,1607.2,56.2,
33.3667,1551.0,1605.3,54.3,
33.4000,1551.0,1603.5,52.5,0.9212
33.4333,1551.0,1600.3,49.3,
33.4667,1551.0,1597.2,46.2,
33.5000,1551.0,1594.0,43.0,0.9206
33.5333,1551.0,1596.0,45.0,
33.5667,1551.0,1598.0,47.0,
33.6000,1551.0,1600.0,49.0,0.9276
33.6333,1551.0,1601.5,50.5,
33.6667,1551.0,1603.0,52.0,
33.7000,1551.0,1604.5,53.5,0.9022
33.7333,1551.0,1604.2,53.2,
33.7667,1551.0,1603.8,52.8,
33.8000,1551.0,1603.5,52.5,0.8958
33.8333,1551.0,1602.7,51.7,
33.8667,1551.0,1601.8,50.8,
33.9000,1551.0,1601.0,50.0,0.9097
33.9333,1551.0,1601.0,50.0,
33.9667,1551.0,1601.0,50.0,
34.0000,1551.0,1601.0,50.0,0.9235
34.0333,1551.0,1601.7,50.7,
34.0667,1551.0,1602.3,51.3,
34.1000,1551.0,1603.0,52.0,0.9106
34.1333,1551.0,1602.7,51.7,
34.1667,1551.0,1602.3,51.3,
34.2000,1551.0,1602.0,51.0,0.9127
34.2333,1551.0,1602.7,51.7,
34.2667,1551.0,1603.3,52.3,
34.3000,1551.0,1604.0,53.0,0.9160
34.3333,1551.0,1601.8,50.8,
34.3667,1551.0,1599.7,48.7,
34.4000,1551.0,1597.5,46.5,0.9198
34.4333,1551.0,1596.3,45.3,
34.4667,1551.0,1595.2,44.2,
34.5000,1551.0,1594.0,43.0,0.9209
34.5333,1551.0,1594.5,43.5,
34.5667,1551.0,1595.0,44.0,
34.6000,1551.0,1595.5,44.5,0.9232
34.6333,1551.0,1595.7,44.7,
34.6667,1551.0,1595.8,44.8,
34.7000,1551.0,1596.0,45.0,0.9297
34.7333,1551.0,1595.5,44.5,
34.7667,1551.0,1595.0,44.0,
34.8000,1551.0,1594.5,43.5,0.9286
34.8333,1551.0,1594.5,43.5,
34.8667,1551.0,1594.5,43.5,
34.9000,1551.0,1594.5,43.5,0.9182
34.9333,1551.0,1592.7,41.7,
34.9667,1551.0,1590.8,39.8,
35.0000,1551.0,1589.0,38.0,0.9152
35.0333,1551.0,1589.8,38.8,
35.0667,1551.0,1590.7,39.7,
35.1000,1551.0,1591.5,40.5,0.9077
35.1333,1551.0,1593.0,42.0,
35.1667,1551.0,1594.5,43.5,
35.2000,1551.0,1596.0,45.0,0.9204
35.2333,1551.0,1596.7,45.7,
35.2667,1551.0,1597.3,46.3,
35.3000,1551.0,1598.0,47.0,0.9172
35.3333,1551.0,1592.5,41.5,
35.3667,1551.0,1587.0,36.0,
35.4000,1551.0,1581.5,30.5,0.9246
35.4333,1551.0,1584.3,33.3,
35.4667,1551.0,1587.2,36.2,
35.5000,1551.0,1590.0,39.0,0.9089
35.5333,1551.0,1591.5,40.5,
35.5667,1551.0,1593.0,42.0,
35.6000,1551.0,1594.5,43.5,0.9057
35.6333,1551.0,1596.0,45.0,
35.6667,1551.0,1597.5,46.5,
35.7000,1551.0,1599.0,48.0,0.8970
35.7333,1551.0,1598.3,47.3,
35.7667,1551.0,1597.7,46.7,
35.8000,1551.0,1597.0,46.0,0.9054
35.8333,1551.0,1599.2,48.2,
35.8667,1551.0,1601.3,50.3,
35.9000,1551.0,1603.5,52.5,0.9204
35.9333,1551.0,1605.2,54.2,
35.9667,1551.0,1606.8,55.8,
36.0000,1551.0,1608.5,57.5,0.9171
36.0333,1551.0,1606.8,55.8,
36.0667,1551.0,1605.2,54.2,
36.1000,1551.0,1603.5,52.5,0.9082
36.1333,1551.0,1601.7,50.7,
36.1667,1551.0,1599.8,48.8,
36.2000,1551.0,1598.0,47.0,0.9141
36.2333,1551.0,1600.8,49.8,
36.2667,1551.0,1603.7,52.7,
36.3000,1551.0,1606.5,55.5,0.9085
36.3333,1551.0,1605.2,54.2,
36.3667,1551.0,1603.8,52.8,
36.4000,1551.0,1602.5,51.5,0.9001
36.4333,1551.0,1603.0,52.0,
36.4667,1551.0,1603.5,52.5,
36.5000,1551.0,1604.0,53.0,0.9031
36.5333,1551.0,1599.3,48.3,
36.5667,1551.0,1594.7,43.7,
36.6000,1551.0,1590.0,39.0,0.9241
36.6333,1551.0,1588.7,37.7,
36.6667,1551.0,1587.3,36.3,
36.7000,1551.0,1586.0,35.0,0.9028
36.7333,1551.0,1589.0,38.0,
36.7667,1551.0,1592.0,41.0,
36.8000,1551.0,1595.0,44.0,0.9039
36.8333,1551.0,1591.3,40.3,
36.8667,1551.0,1587.7,36.7,
36.9000,1551.0,1584.0,33.0,0.9317
36.9333,1551.0,1584.5,33.5,
36.9667,1551.0,1585.0,34.0,
37.0000,1551.0,1585.5,34.5,0.9342
37.0333,1551.0,1587.8,36.8,
37.0667,1551.0,1590.2,39.2,
37.1000,1551.0,1592.5,41.5,0.9242
37.1333,1551.0,1589.8,38.8,
37.1667,1551.0,1587.2,36.2,
37.2000,1551.0,1584.5,33.5,0.9091
37.2333,1551.0,1579.2,28.2,
37.2667,1551.0,1573.8,22.8,
37.3000,1551.0,1568.5,17.5,0.9156
37.3333,1551.0,1563.2,12.2,
37.3667,1551.0,1557.8,6.8,
37.4000,1551.0,1552.5,1.5,0.8904
37.4333,1551.0,1552.8,1.8,
37.4667,1551.0,1553.2,2.2,
37.5000,1551.0,1553.5,2.5,0.9709
37.5333,1551.0,1542.5,8.5,
37.5667,1551.0,1531.5,19.5,
37.6000,1551.0,1520.5,30.5,0.9712
37.6333,1551.0,1519.3,31.7,
37.6667,1551.0,1518.2,32.8,
37.7000,1551.0,1517.0,34.0,0.9733
37.7333,1551.0,1518.5,32.5,
37.7667,1551.0,1520.0,31.0,
37.8000,1551.0,1521.5,29.5,0.9690
37.8333,1551.0,1522.8,28.2,
37.8667,1551.0,1524.2,26.8,
37.9000,1551.0,1525.5,25.5,0.9690
37.9333,1551.0,1525.2,25.8,
37.9667,1551.0,1524.8,26.2,
38.0000,1551.0,1524.5,26.5,0.9610
38.0333,1551.0,1520.3,30.7,
38.0667,1551.0,1516.2,34.8,
38.1000,1551.0,1512.0,39.0,0.9648
38.1333,1551.0,1510.2,40.8,
38.1667,1551.0,1508.3,42.7,
38.2000,1551.0,1506.5,44.5,0.9774
38.2333,1551.0,1506.2,44.8,
38.2667,1551.0,1505.8,45.2,
38.3000,1551.0,1505.5,45.5,0.9777
38.3333,1551.0,1501.7,49.3,
38.3667,1551.0,1497.8,53.2,
38.4000,1551.0,1494.0,57.0,0.9761
38.4333,1551.0,1496.3,54.7,
38.4667,1551.0,1498.7,52.3,
38.5000,1551.0,1501.0,50.0,0.9677
38.5333,1551.0,1505.2,45.8,
38.5667,1551.0,1509.3,41.7,
38.6000,1551.0,1513.5,37.5,0.9674
38.6333,1551.0,1513.7,37.3,
38.6667,1551.0,1513.8,37.2,
38.7000,1551.0,1514.0,37.0,0.9725
38.7333,1551.0,1524.2,26.8,
38.7667,1551.0,1534.3,16.7,
38.8000,1551.0,1544.5,6.5,0.9697
38.8333,1551.0,1554.0,3.0,
38.8667,1551.0,1563.5,12.5,
38.9000,1551.0,1573.0,22.0,0.9630
38.9333,1551.0,1576.7,25.7,
38.9667,1551.0,1580.3,29.3,
39.0000,1551.0,1584.0,33.0,0.9514
39.0333,1551.0,1588.0,37.0,
39.0667,1551.0,1592.0,41.0,
39.1000,1551.0,1596.0,45.0,0.9411
39.1333,1551.0,1598.3,47.3,
39.1667,1551.0,1600.7,49.7,
39.2000,1551.0,1603.0,52.0,0.9275
39.2333,1551.0,1605.2,54.2,
39.2667,1551.0,1607.3,56.3,
39.3000,1551.0,1609.5,58.5,0.9172
39.3333,1551.0,1612.3,61.3,
39.3667,1551.0,1615.2,64.2,
39.4000,1551.0,1618.0,67.0,0.9105
39.4333,1551.0,1617.7,66.7,
39.4667,1551.0,1617.3,66.3,
39.5000,1551.0,1617.0,66.0,0.9154
39.5333,1551.0,1615.0,64.0,
39.5667,1551.0,1613.0,62.0,
39.6000,1551.0,1611.0,60.0,0.9374
39.6333,1551.0,1609.2,58.2,
39.6667,1551.0,1607.3,56.3,
39.7000,1551.0,1605.5,54.5,0.9451
39.7333,1551.0,1602.7,51.7,
39.7667,1551.0,1599.8,48.8,
39.8000,1551.0,1597.0,46.0,0.9465
39.8333,1551.0,1601.0,50.0,
39.8667,1551.0,1605.0,54.0,
39.9000,1551.0,1609.0,58.0,0.9492
39.9333,1551.0,1608.8,57.8,
39.9667,1551.0,1608.7,57.7,
40.0000,1551.0,1608.5,57.5,0.9403
40.0333,1551.0,1614.0,63.0,
40.0667,1551.0,1619.5,68.5,
40.1000,1551.0,1625.0,74.0,0.9349
40.1333,1551.0,1622.8,71.8,
40.1667,1551.0,1620.7,69.7,
40.2000,1551.0,1618.5,67.5,0.9370
40.2333,1551.0,1621.0,70.0,
40.2667,1551.0,1623.5,72.5,
40.3000,1551.0,1626.0,75.0,0.9358
40.3333,1551.0,1630.5,79.5,
40.3667,1551.0,1635.0,84.0,
40.4000,1551.0,1639.5,88.5,0.9513
40.4333,1551.0,1640.0,89.0,
40.4667,1551.0,1640.5,89.5,
40.5000,1551.0,1641.0,90.0,0.9531
40.5333,1551.0,1640.7,89.7,
40.5667,1551.0,1640.3,89.3,
40.6000,1551.0,1640.0,89.0,0.9475
40.6333,1551.0,1642.5,91.5,
40.6667,1551.0,1645.0,94.0,
40.7000,1551.0,1647.5,96.5,0.9141
40.7333,1551.0,1650.0,99.0,
40.7667,1551.0,1652.5,101.5,
40.8000,1560.0,1655.0,95.0,0.9325
40.8333,1567.0,1652.7,85.7,
40.8667,1574.0,1650.3,76.3,
40.9000,1581.0,1648.0,67.0,0.9363
40.9333,1586.0,1649.2,63.2,
40.9667,1592.0,1650.3,58.3,
41.0000,1597.0,1651.5,54.5,0.9418
41.0333,1602.0,1650.8,48.8,
41.0667,1606.0,1650.2,44.2,
41.1000,1610.0,1649.5,39.5,0.9384
41.1333,1613.0,1649.7,36.7,
41.1667,1617.0,1649.8,32.8,
41.2000,1620.0,1650.0,30.0,0.9352
41.2333,1622.0,1649.8,27.8,
41.2667,1625.0,1649.7,24.7,
41.3000,1627.0,1649.5,22.5,0.9330
41.3333,1629.0,1649.0,20.0,
41.3667,1631.0,1648.5,17.5,
41.4000,1633.0,1648.0,15.0,0.9309
41.4333,1635.0,1646.0,11.0,
41.4667,1637.0,1644.0,7.0,
41.5000,1638.0,1642.0,4.0,0.9318
41.5333,1639.0,1651.2,12.2,
41.5667,1641.0,1660.3,19.3,
41.6000,1642.0,1669.5,27.5,0.9588
41.6333,1643.0,1663.7,20.7,
41.6667,1644.0,1657.8,13.8,
41.7000,1645.0,1652.0,7.0,0.9491
41.7333,1645.0,1651.3,6.3,
41.7667,1646.0,1650.7,4.7,
41.8000,1647.0,1650.0,3.0,0.9610
41.8333,1647.0,1650.5,3.5,
41.8667,1648.0,1651.0,3.0,
41.9000,1648.0,1651.5,3.5,0.9584
41.9333,1649.0,1646.3,2.7,
41.9667,1649.0,1641.2,7.8,
42.0000,1650.0,1636.0,14.0,0.9566
42.0333,1650.0,1639.5,10.5,
42.0667,1651.0,1643.0,8.0,
42.1000,1651.0,1646.5,4.5,0.9701
42.1333,1651.0,1642.3,8.7,
42.1667,1651.0,1638.2,12.8,
42.2000,1652.0,1634.0,18.0,0.9631
42.2333,1652.0,1635.0,17.0,
42.2667,1652.0,1636.0,16.0,
42.3000,1652.0,1637.0,15.0,0.9498
42.3333,1652.0,1636.5,15.5,
42.3667,1653.0,1636.0,17.0,
42.4000,1653.0,1635.5,17.5,0.9449
42.4333,1653.0,1634.8,18.2,
42.4667,1653.0,1634.2,18.8,
42.5000,1653.0,1633.5,19.5,0.9580
42.5333,1653.0,1635.7,17.3,
42.5667,1653.0,1637.8,15.2,
42.6000,1653.0,1640.0,13.0,0.9617
42.6333,1654.0,1639.7,14.3,
42.6667,1654.0,1639.3,14.7,
42.7000,1654.0,1639.0,15.0,0.9502
42.7333,1654.0,1640.3,13.7,
42.7667,1654.0,1641.7,12.3,
42.8000,1654.0,1643.0,11.0,0.9567
42.8333,1654.0,1642.8,11.2,
42.8667,1654.0,1642.7,11.3,
42.9000,1654.0,1642.5,11.5,0.9670
42.9333,1654.0,1641.3,12.7,
42.9667,1654.0,1640.2,13.8,
43.0000,1654.0,1639.0,15.0,0.9687
43.0333,1654.0,1638.8,15.2,
43.0667,1654.0,1638.7,15.3,
43.1000,1654.0,1638.5,15.5,0.9703
43.1333,1654.0,1639.7,14.3,
43.1667,1654.0,1640.8,13.2,
43.2000,1654.0,1642.0,12.0,0.9678
43.2333,1654.0,1641.3,12.7,
43.2667,1654.0,1640.7,13.3,
43.3000,1654.0,1640.0,14.0,0.9703
43.3333,1654.0,1636.7,17.3,
43.3667,1654.0,1633.3,20.7,
43.4000,1654.0,1630.0,24.0,0.9596
43.4333,1654.0,1630.0,24.0,
43.4667,1654.0,1630.0,24.0,
43.5000,1654.0,1630.0,24.0,0.9559
43.5333,1654.0,1627.2,26.8,
43.5667,1654.0,1624.3,29.7,
43.6000,1654.0,1621.5,32.5,0.9457
43.6333,1654.0,1621.0,33.0,
43.6667,1654.0,1620.5,33.5,
43.7000,1654.0,1620.0,34.0,0.9480
43.7333,1654.0,1623.5,30.5,
43.7667,1654.0,1627.0,27.0,
43.8000,1654.0,1630.5,23.5,0.9412
43.8333,1654.0,1631.8,22.2,
43.8667,1654.0,1633.2,20.8,
43.9000,1654.0,1634.5,19.5,0.9469
43.9333,1654.0,1636.2,17.8,
43.9667,1654.0,1637.8,16.2,
44.0000,1654.0,1639.5,14.5,0.9596
44.0333,1654.0,1644.5,9.5,
44.0667,1654.0,1649.5,4.5,
44.1000,1654.0,1654.5,0.5,0.9704
44.1333,1654.0,1656.0,2.0,
44.1667,1654.0,1657.5,3.5,
44.2000,1654.0,1659.0,5.0,0.9730
44.2333,1654.0,1652.3,1.7,
44.2667,1654.0,1645.7,8.3,
44.3000,1654.0,1639.0,15.0,0.9601
44.3333,1654.0,1638.3,15.7,
44.3667,1654.0,1637.7,16.3,
44.4000,1654.0,1637.0,17.0,0.9651
44.4333,1654.0,1636.7,17.3,
44.4667,1654.0,1636.3,17.7,
44.5000,1654.0,1636.0,18.0,0.9554
44.5333,1654.0,1631.2,22.8,
44.5667,1654.0,1626.3,27.7,
44.6000,1654.0,1621.5,32.5,0.9428
44.6333,1654.0,1620.3,33.7,
44.6667,1654.0,1619.2,34.8,
44.7000,1654.0,1618.0,36.0,0.9354
44.7333,1654.0,1616.3,37.7,
44.7667,1654.0,1614.7,39.3,
44.8000,1654.0,1613.0,41.0,0.9602
44.8333,1654.0,1611.5,42.5,
44.8667,1654.0,1610.0,44.0,
44.9000,1654.0,1608.5,45.5,0.9437
44.9333,1654.0,1607.0,47.0,
44.9667,1654.0,1605.5,48.5,
45.0000,1654.0,1604.0,50.0,0.9415
45.0333,1654.0,1603.8,50.2,
45.0667,1654.0,1603.7,50.3,
45.1000,1654.0,1603.5,50.5,0.9509
45.1333,1654.0,1604.2,49.8,
45.1667,1654.0,1604.8,49.2,
45.2000,1654.0,1605.5,48.5,0.9535
45.2333,1654.0,1607.5,46.5,
45.2667,1654.0,1609.5,44.5,
45.3000,1654.0,1611.5,42.5,0.9523
45.3333,1654.0,1611.2,42.8,
45.3667,1654.0,1610.8,43.2,
45.4000,1654.0,1610.5,43.5,0.9494
45.4333,1654.0,1608.0,46.0,
45.4667,1654.0,1605.5,48.5,
45.5000,1654.0,1603.0,51.0,0.9481
45.5333,1654.0,1606.2,47.8,
45.5667,1654.0,1609.3,44.7,
45.6000,1654.0,1612.5,41.5,0.9570
45.6333,1654.0,1610.3,43.7,
45.6667,1654.0,1608.2,45.8,
45.7000,1654.0,1606.0,48.0,0.9603
45.7333,1654.0,1608.3,45.7,
45.7667,1654.0,1610.7,43.3,
45.8000,1654.0,1613.0,41.0,0.9484
45.8333,1654.0,1617.7,36.3,
45.8667,1654.0,1622.3,31.7,
45.9000,1654.0,1627.0,27.0,0.9320
45.9333,1654.0,1628.3,25.7,
45.9667,1654.0,1629.7,24.3,
46.0000,1654.0,1631.0,23.0,0.9386
46.0333,1654.0,1632.3,21.7,
46.0667,1654.0,1633.7,20.3,
46.1000,1654.0,1635.0,19.0,0.9377
46.1333,1654.0,1633.7,20.3,
46.1667,1654.0,1632.3,21.7,
46.2000,1654.0,1631.0,23.0,0.9531
46.2333,1654.0,1634.2,19.8,
46.2667,1654.0,1637.3,16.7,
46.3000,1654.0,1640.5,13.5,0.9471
46.3333,1654.0,1645.7,8.3,
46.3667,1654.0,1650.8,3.2,
46.4000,1654.0,1656.0,2.0,0.9715
46.4333,1654.0,1658.8,4.8,
46.4667,1654.0,1661.7,7.7,
46.5000,1654.0,1664.5,10.5,0.9715
46.5333,1654.0,1660.3,6.3,
46.5667,1654.0,1656.2,2.2,
46.6000,1654.0,1652.0,2.0,0.9584
46.6333,1654.0,1654.7,0.7,
46.6667,1654.0,1657.3,3.3,
46.7000,1654.0,1660.0,6.0,0.9607
46.7333,1654.0,1664.2,10.2,
46.7667,1654.0,1668.3,14.3,
46.8000,1654.0,1672.5,18.5,0.9661
46.8333,1654.0,1674.3,20.3,
46.8667,1654.0,1676.2,22.2,
46.9000,1654.0,1678.0,24.0,0.9664
46.9333,1654.0,1677.5,23.5,
46.9667,1654.0,1677.0,23.0,
47.0000,1654.0,1676.5,22.5,0.9684
47.0333,1654.0,1678.0,24.0,
47.0667,1654.0,1679.5,25.5,
47.1000,1654.0,1681.0,27.0,0.9685
47.1333,1654.0,1684.0,30.0,
47.1667,1654.0,1687.0,33.0,
47.2000,1654.0,1690.0,36.0,0.9713
47.2333,1654.0,1686.8,32.8,
47.2667,1654.0,1683.7,29.7,
47.3000,1654.0,1680.5,26.5,0.9620
47.3333,1654.0,1680.7,26.7,
47.3667,1654.0,1680.8,26.8,
47.4000,1654.0,1681.0,27.0,0.9555
47.4333,1654.0,1679.8,25.8,
47.4667,1654.0,1678.7,24.7,
47.5000,1654.0,1677.5,23.5,0.9597
47.5333,1654.0,1680.8,26.8,
47.5667,1654.0,1684.2,30.2,
47.6000,1654.0,1687.5,33.5,0.9634
47.6333,1654.0,1690.8,36.8,
47.6667,1654.0,1694.2,40.2,
47.7000,1654.0,1697.5,43.5,0.9507
47.7333,1654.0,1700.2,46.2,
47.7667,1654.0,1702.8,48.8,
47.8000,1654.0,1705.5,51.5,0.9727
47.8333,1654.0,1700.3,46.3,
47.8667,1654.0,1695.2,41.2,
47.9000,1654.0,1690.0,36.0,0.9611
47.9333,1654.0,1689.2,35.2,
47.9667,1654.0,1688.3,34.3,
48.0000,1654.0,1687.5,33.5,0.9574
48.0333,1654.0,1683.2,29.2,
48.0667,1654.0,1678.8,24.8,
48.1000,1654.0,1674.5,20.5,0.9730
48.1333,1654.0,1674.7,20.7,
48.1667,1654.0,1674.8,20.8,
48.2000,1654.0,1675.0,21.0,0.9764
48.2333,1654.0,1675.0,21.0,
48.2667,1654.0,1675.0,21.0,
48.3000,1654.0,1675.0,21.0,0.9751
48.3333,1654.0,1674.2,20.2,
48.3667,1654.0,1673.3,19.3,
48.4000,1654.0,1672.5,18.5,0.9753
48.4333,1654.0,1672.7,18.7,
48.4667,1654.0,1672.8,18.8,
48.5000,1654.0,1673.0,19.0,0.9756
48.5333,1654.0,1671.5,17.5,
48.5667,1654.0,1670.0,16.0,
48.6000,1654.0,1668.5,14.5,0.9621
48.6333,1654.0,1667.7,13.7,
48.6667,1654.0,1666.8,12.8,
48.7000,1654.0,1666.0,12.0,0.9679
48.7333,1654.0,1668.8,14.8,
48.7667,1654.0,1671.7,17.7,
48.8000,1654.0,1674.5,20.5,0.9700
48.8333,1654.0,1673.3,19.3,
48.8667,1654.0,1672.2,18.2,
48.9000,1654.0,1671.0,17.0,0.9727
48.9333,1654.0,1670.8,16.8,
48.9667,1654.0,1670.7,16.7,
49.0000,1654.0,1670.5,16.5,0.9721
49.0333,1654.0,1676.2,22.2,
49.0667,1654.0,1681.8,27.8,
49.1000,1654.0,1687.5,33.5,0.9705
49.1333,1654.0,1683.5,29.5,
49.1667,1654.0,1679.5,25.5,
49.2000,1654.0,1675.5,21.5,0.9767
49.2333,1654.0,1678.5,24.5,
49.2667,1654.0,1681.5,27.5,
49.3000,1654.0,1684.5,30.5,0.9759
49.3333,1654.0,1682.8,28.8,
49.3667,1654.0,1681.2,27.2,
49.4000,1654.0,1679.5,25.5,0.9710
49.4333,1654.0,1681.8,27.8,
49.4667,1654.0,1684.2,30.2,
49.5000,1654.0,1686.5,32.5,0.9670
49.5333,1654.0,1683.0,29.0,
49.5667,1654.0,1679.5,25.5,
49.6000,1654.0,1676.0,22.0,0.9635
49.6333,1654.0,1677.5,23.5,
49.6667,1654.0,1679.0,25.0,
49.7000,1654.0,1680.5,26.5,0.9597
49.7333,1654.0,1687.2,33.2,
49.7667,1654.0,1693.8,39.8,
49.8000,1654.0,1700.5,46.5,0.9507
49.8333,1654.0,1697.7,43.7,
49.8667,1654.0,1694.8,40.8,
49.9000,1654.0,1692.0,38.0,0.9651
49.9333,1654.0,1692.5,38.5,
49.9667,1654.0,1693.0,39.0,
50.0000,1654.0,1693.5,39.5,0.9698
50.0333,1654.0,1692.3,38.3,
50.0667,1654.0,1691.2,37.2,
50.1000,1654.0,1690.0,36.0,0.9617
50.1333,1654.0,1691.7,37.7,
50.1667,1654.0,1693.3,39.3,
50.2000,1654.0,1695.0,41.0,0.9651
50.2333,1654.0,1691.3,37.3,
50.2667,1654.0,1687.7,33.7,
50.3000,1654.0,1684.0,30.0,0.9661
50.3333,1654.0,1680.5,26.5,
50.3667,1654.0,1677.0,23.0,
50.4000,1654.0,1673.5,19.5,0.9572
50.4333,1654.0,1673.8,19.8,
50.4667,1654.0,1674.2,20.2,
50.5000,1654.0,1674.5,20.5,0.9581
50.5333,1654.0,1672.7,18.7,
50.5667,1654.0,1670.8,16.8,
50.6000,1654.0,1669.0,15.0,0.9546
50.6333,1654.0,1675.5,21.5,
50.6667,1654.0,1682.0,28.0,
50.7000,1654.0,1688.5,34.5,0.9616
50.7333,1654.0,1687.3,33.3,
50.7667,1654.0,1686.2,32.2,
50.8000,1654.0,1685.0,31.0,0.9669
50.8333,1654.0,1678.3,24.3,
50.8667,1654.0,1671.7,17.7,
50.9000,1654.0,1665.0,11.0,0.9634
50.9333,1654.0,1662.3,8.3,
50.9667,1654.0,1659.7,5.7,
51.0000,1654.0,1657.0,3.0,0.9700
51.0333,1654.0,1659.2,5.2,
51.0667,1654.0,1661.3,7.3,
51.1000,1654.0,1663.5,9.5,0.9670
51.1333,1654.0,1666.5,12.5,
51.1667,1654.0,1669.5,15.5,
51.2000,1654.0,1672.5,18.5,0.9626
51.2333,1654.0,1674.8,20.8,
51.2667,1654.0,1677.2,23.2,
51.3000,1654.0,1679.5,25.5,0.9510
51.3333,1654.0,1681.3,27.3,
51.3667,1654.0,1683.2,29.2,
51.4000,1654.0,1685.0,31.0,0.9335
51.4333,1654.0,1685.0,31.0,
51.4667,1654.0,1685.0,31.0,
51.5000,1654.0,1685.0,31.0,0.9204
51.5333,1654.0,1683.3,29.3,
51.5667,1654.0,1681.7,27.7,
51.6000,1654.0,1680.0,26.0,0.9237
51.6333,1654.0,1687.3,33.3,
51.6667,1654.0,1694.7,40.7,
51.7000,1654.0,1702.0,48.0,0.9292
51.7333,1654.0,1703.7,49.7,
51.7667,1654.0,1705.3,51.3,
51.8000,1654.0,1707.0,53.0,0.9539
51.8333,1654.0,1703.2,49.2,
51.8667,1654.0,1699.3,45.3,
51.9000,1654.0,1695.5,41.5,0.9505
51.9333,1654.0,1695.2,41.2,
51.9667,1654.0,1694.8,40.8,
52.0000,1654.0,1694.5,40.5,0.9606
52.0333,1654.0,1695.0,41.0,
52.0667,1654.0,1695.5,41.5,
52.1000,1654.0,1696.0,42.0,0.9627
52.1333,1654.0,1697.8,43.8,
52.1667,1654.0,1699.7,45.7,
52.2000,1654.0,1701.5,47.5,0.9584
52.2333,1654.0,1703.3,49.3,
52.2667,1654.0,1705.2,51.2,
52.3000,1654.0,1707.0,53.0,0.9574
52.3333,1654.0,1707.7,53.7,
52.3667,1654.0,1708.3,54.3,
52.4000,1654.0,1709.0,55.0,0.9477
52.4333,1654.0,1712.7,58.7,
52.4667,1654.0,1716.3,62.3,
52.5000,1654.0,1720.0,66.0,0.9554
52.5333,1654.0,1722.8,68.8,
52.5667,1654.0,1725.7,71.7,
52.6000,1654.0,1728.5,74.5,0.9630
52.6333,1654.0,1729.8,75.8,
52.6667,1654.0,1731.2,77.2,
52.7000,1654.0,1732.5,78.5,0.9631
52.7333,1654.0,1739.5,85.5,
52.7667,1654.0,1746.5,92.5,
52.8000,1654.0,1753.5,99.5,0.9501
52.8333,1654.0,1752.0,98.0,
52.8667,1654.0,1750.5,96.5,
52.9000,1654.0,1749.0,95.0,0.9611
52.9333,1654.0,1748.5,94.5,
52.9667,1654.0,1748.0,94.0,
53.0000,1654.0,1747.5,93.5,0.9580
53.0333,1654.0,1748.2,94.2,
53.0667,1654.0,1748.8,94.8,
53.1000,1654.0,1749.5,95.5,0.9575
53.1333,1654.0,1748.5,94.5,
53.1667,1654.0,1747.5,93.5,
53.2000,1654.0,1746.5,92.5,0.9573
53.2333,1654.0,1748.3,94.3,
53.2667,1654.0,1750.2,96.2,
53.3000,1654.0,1752.0,98.0,0.9522
53.3333,1654.0,1753.3,99.3,
53.3667,1654.0,1754.7,100.7,
53.4000,1654.0,1756.0,102.0,0.9504
53.4333,1663.0,1758.5,95.5,
53.4667,1671.0,1761.0,90.0,
53.5000,1678.0,1763.5,85.5,0.9493
53.5333,1684.0,1773.7,89.7,
53.5667,1690.0,1783.8,93.8,
53.6000,1695.0,1794.0,99.0,0.8896
53.6333,1700.0,1794.5,94.5,
53.6667,1705.0,1795.0,90.0,
53.7000,1709.0,1795.5,86.5,0.8966
53.7333,1713.0,1792.7,79.7,
53.7667,1717.0,1789.8,72.8,
53.8000,1720.0,1787.0,67.0,0.9024
53.8333,1723.0,1781.5,58.5,
53.8667,1726.0,1776.0,50.0,
53.9000,1728.0,1770.5,42.5,0.9257
53.9333,1731.0,1770.0,39.0,
53.9667,1733.0,1769.5,36.5,
54.0000,1735.0,1769.0,34.0,0.9163
54.0333,1737.0,1770.2,33.2,
54.0667,1739.0,1771.3,32.3,
54.1000,1740.0,1772.5,32.5,0.8946
54.1333,1742.0,1773.8,31.8,
54.1667,1743.0,1775.2,32.2,
54.2000,1744.0,1776.5,32.5,0.8949
54.2333,1745.0,1777.5,32.5,
54.2667,1746.0,1778.5,32.5,
54.3000,1747.0,1779.5,32.5,0.9027
54.3333,1748.0,1778.5,30.5,
54.3667,1749.0,1777.5,28.5,
54.4000,1750.0,1776.5,26.5,0.9119
54.4333,1750.0,1785.3,35.3,
54.4667,1751.0,1794.2,43.2,
54.5000,1751.0,1803.0,52.0,0.9094
54.5333,1752.0,1802.8,50.8,
54.5667,1752.0,1802.7,50.7,
54.6000,1753.0,1802.5,49.5,0.9260
54.6333,1753.0,1797.0,44.0,
54.6667,1754.0,1791.5,37.5,
54.7000,1754.0,1786.0,32.0,0.8931
54.7333,1754.0,1787.0,33.0,
54.7667,1755.0,1788.0,33.0,
54.8000,1755.0,1789.0,34.0,0.9062
54.8333,1755.0,1789.5,34.5,
54.8667,1755.0,1790.0,35.0,
54.9000,1756.0,1790.5,34.5,0.8476
54.9333,1756.0,1790.7,34.7,
54.9667,1756.0,1790.8,34.8,
55.0000,1756.0,1791.0,35.0,0.8373
55.0333,1756.0,1788.2,32.2,
55.0667,1756.0,1785.3,29.3,
55.1000,1757.0,1782.5,25.5,0.8243
55.1333,1757.0,1780.8,23.8,
55.1667,1757.0,1779.2,22.2,
55.2000,1757.0,1777.5,20.5,0.8652
55.2333,1757.0,1778.8,21.8,
55.2667,1757.0,1780.2,23.2,
55.3000,1757.0,1781.5,24.5,0.8598
55.3333,1757.0,1782.0,25.0,
55.3667,1757.0,1782.5,25.5,
55.4000,1757.0,1783.0,26.0,0.8629
55.4333,1757.0,1783.7,26.7,
55.4667,1757.0,1784.3,27.3,
55.5000,1757.0,1785.0,28.0,0.8709
55.5333,1758.0,1784.3,26.3,
55.5667,1758.0,1783.7,25.7,
55.6000,1758.0,1783.0,25.0,0.8508
55.6333,1758.0,1785.8,27.8,
55.6667,1758.0,1788.7,30.7,
55.7000,1758.0,1791.5,33.5,0.8723
55.7333,1758.0,1796.8,38.8,
55.7667,1758.0,1802.2,44.2,
55.8000,1758.0,1807.5,49.5,0.8526
55.8333,1758.0,1808.7,50.7,
55.8667,1758.0,1809.8,51.8,
55.9000,1758.0,1811.0,53.0,0.8578
55.9333,1758.0,1806.8,48.8,
55.9667,1758.0,1802.7,44.7,
56.0000,1758.0,1798.5,40.5,0.8699
56.0333,1758.0,1797.0,39.0,
56.0667,1758.0,1795.5,37.5,
56.1000,1758.0,1794.0,36.0,0.8923
56.1333,1758.0,1781.8,23.8,
56.1667,1758.0,1769.7,11.7,
56.2000,1758.0,1757.5,0.5,0.9001
56.2333,1758.0,1762.0,4.0,
56.2667,1758.0,1766.5,8.5,
56.3000,1758.0,1771.0,13.0,0.7808
56.3333,1758.0,1749.5,8.5,
56.3667,1758.0,1728.0,30.0,
56.4000,1758.0,1706.5,51.5,0.8861
56.4333,1758.0,1707.5,50.5,
56.4667,1758.0,1708.5,49.5,
56.5000,1758.0,1709.5,48.5,0.8761
56.5333,1758.0,1657.8,100.2,
56.5667,1738.0,1606.2,131.8,
56.6000,1723.0,1554.5,168.5,0.9657
56.6333,1712.0,1545.5,166.5,
56.6667,1703.0,1536.5,166.5,
56.7000,1695.0,1527.5,167.5,0.9806
56.7333,1688.0,1528.8,159.2,
56.7667,1681.0,1530.2,150.8,
56.8000,1675.0,1531.5,143.5,0.9812
56.8333,1670.0,1529.0,141.0,
56.8667,1665.0,1526.5,138.5,
56.9000,1660.0,1524.0,136.0,0.9731
56.9333,1656.0,1515.7,140.3,
56.9667,1652.0,1507.3,144.7,
57.0000,1632.0,1499.0,133.0,0.9761
57.0333,1617.0,1499.0,118.0,
57.0667,1605.0,1499.0,106.0,
57.1000,1596.0,1499.0,97.0,0.9728
57.1333,1588.0,1498.8,89.2,
57.1667,1581.0,1498.7,82.3,
57.2000,1575.0,1498.5,76.5,0.9724
57.2333,1568.0,1505.3,62.7,
57.2667,1563.0,1512.2,50.8,
57.3000,1558.0,1519.0,39.0,0.9678
57.3333,1553.0,1530.7,22.3,
57.3667,1549.0,1542.3,6.7,
57.4000,1545.0,1554.0,9.0,0.9773
57.4333,1541.0,1556.3,15.3,
57.4667,1538.0,1558.7,20.7,
57.5000,1534.0,1561.0,27.0,0.9689
57.5333,1532.0,1559.7,27.7,
57.5667,1529.0,1558.3,29.3,
57.6000,1526.0,1557.0,31.0,0.9724
57.6333,1524.0,1556.7,32.7,
57.6667,1522.0,1556.3,34.3,
57.7000,1520.0,1556.0,36.0,0.9715
57.7333,1519.0,1555.2,36.2,
57.7667,1517.0,1554.3,37.3,
57.8000,1515.0,1553.5,38.5,0.9765
57.8333,1514.0,1551.7,37.7,
57.8667,1513.0,1549.8,36.8,
57.9000,1512.0,1548.0,36.0,0.9751
57.9333,1511.0,1551.0,40.0,
57.9667,1510.0,1554.0,44.0,
58.0000,1509.0,1557.0,48.0,0.9626
58.0333,1508.0,1555.2,47.2,
58.0667,1507.0,1553.3,46.3,
58.1000,1507.0,1551.5,44.5,0.9693
58.1333,1506.0,1545.8,39.8,
58.1667,1505.0,1540.2,35.2,
58.2000,1505.0,1534.5,29.5,0.9769
58.2333,1504.0,1533.5,29.5,
58.2667,1504.0,1532.5,28.5,
58.3000,1503.0,1531.5,28.5,0.9744
58.3333,1503.0,1531.7,28.7,
58.3667,1503.0,1531.8,28.8,
58.4000,1502.0,1532.0,30.0,0.9712
58.4333,1502.0,1532.0,30.0,
58.4667,1502.0,1532.0,30.0,
58.5000,1501.0,1532.0,31.0,0.9725
58.5333,1501.0,1531.0,30.0,
58.5667,1501.0,1530.0,29.0,
58.6000,1501.0,1529.0,28.0,0.9722
58.6333,1501.0,1529.3,28.3,
58.6667,1500.0,1529.7,29.7,
58.7000,1500.0,1530.0,30.0,0.9641
58.7333,1500.0,1531.7,31.7,
58.7667,1500.0,1533.3,33.3,
58.8000,1500.0,1535.0,35.0,0.9675
58.8333,1500.0,1536.2,36.2,
58.8667,1500.0,1537.3,37.3,
58.9000,1500.0,1538.5,38.5,0.9592
58.9333,1499.0,1540.2,41.2,
58.9667,1499.0,1541.8,42.8,
59.0000,1499.0,1543.5,44.5,0.9668
59.0333,1499.0,1543.3,44.3,
59.0667,1499.0,1543.2,44.2,
59.1000,1499.0,1543.0,44.0,0.9650
59.1333,1499.0,1542.3,43.3,
59.1667,1499.0,1541.7,42.7,
59.2000,1499.0,1541.0,42.0,0.9609
59.2333,1499.0,1543.2,44.2,
59.2667,1499.0,1545.3,46.3,
59.3000,1499.0,1547.5,48.5,0.9667
59.3333,1499.0,1545.7,46.7,
59.3667,1499.0,1543.8,44.8,
59.4000,1499.0,1542.0,43.0,0.9520
59.4333,1499.0,1551.8,52.8,
59.4667,1499.0,1561.7,62.7,
59.5000,1499.0,1571.5,72.5,0.9708
59.5333,1499.0,1570.5,71.5,
59.5667,1499.0,1569.5,70.5,
59.6000,1499.0,1568.5,69.5,0.9642
59.6333,1499.0,1567.5,68.5,
59.6667,1499.0,1566.5,67.5,
59.7000,1499.0,1565.5,66.5,0.9703
59.7333,1499.0,1566.7,67.7,
59.7667,1499.0,1567.8,68.8,
59.8000,1499.0,1569.0,70.0,0.9708
59.8333,1499.0,1570.5,71.5,
59.8667,1499.0,1572.0,73.0,
59.9000,1499.0,1573.5,74.5,0.9694
59.9333,1499.0,1574.7,75.7,
59.9667,1499.0,1575.8,76.8,
60.0000,1499.0,1577.0,78.0,0.9682
60.0333,1499.0,1577.8,78.8,
60.0667,1499.0,1578.7,79.7,
60.1000,1499.0,1579.5,80.5,0.9651
60.1333,1499.0,1580.0,81.0,
60.1667,1499.0,1580.5,81.5,
60.2000,1499.0,1581.0,82.0,0.9549
60.2333,1499.0,1581.0,82.0,
60.2667,1499.0,1581.0,82.0,
60.3000,1499.0,1581.0,82.0,0.9561
60.3333,1499.0,1579.3,80.3,
60.3667,1499.0,1577.7,78.7,
60.4000,1499.0,1576.0,77.0,0.9618
60.4333,1499.0,1570.8,71.8,
60.4667,1499.0,1565.7,66.7,
60.5000,1499.0,1560.5,61.5,0.9494
60.5333,1499.0,1558.0,59.0,
60.5667,1499.0,1555.5,56.5,
60.6000,1499.0,1553.0,54.0,0.9455
60.6333,1499.0,1553.8,54.8,
60.6667,1499.0,1554.7,55.7,
60.7000,1499.0,1555.5,56.5,0.9426
60.7333,1499.0,1552.2,53.2,
60.7667,1499.0,1548.8,49.8,
60.8000,1499.0,1545.5,46.5,0.9518
60.8333,1499.0,1552.3,53.3,
60.8667,1499.0,1559.2,60.2,
60.9000,1499.0,1566.0,67.0,0.9616
60.9333,1499.0,1561.7,62.7,
60.9667,1499.0,1557.3,58.3,
61.0000,1499.0,1553.0,54.0,0.9612
61.0333,1499.0,1552.5,53.5,
61.0667,1499.0,1552.0,53.0,
61.1000,1499.0,1551.5,52.5,0.9618
61.1333,1499.0,1548.8,49.8,
61.1667,1499.0,1546.2,47.2,
61.2000,1499.0,1543.5,44.5,0.9684
61.2333,1499.0,1544.0,45.0,
61.2667,1499.0,1544.5,45.5,
61.3000,1499.0,1545.0,46.0,0.9687
61.3333,1499.0,1543.3,44.3,
61.3667,1499.0,1541.7,42.7,
61.4000,1499.0,1540.0,41.0,0.9605
61.4333,1499.0,1538.0,39.0,
61.4667,1499.0,1536.0,37.0,
61.5000,1499.0,1534.0,35.0,0.9499
61.5333,1499.0,1537.8,38.8,
61.5667,1499.0,1541.7,42.7,
61.6000,1499.0,1545.5,46.5,0.9448
61.6333,1499.0,1547.2,48.2,
61.6667,1499.0,1548.8,49.8,
61.7000,1499.0,1550.5,51.5,0.9441
61.7333,1499.0,1548.7,49.7,
61.7667,1499.0,1546.8,47.8,
61.8000,1499.0,1545.0,46.0,0.9543
61.8333,1499.0,1549.8,50.8,
61.8667,1499.0,1554.7,55.7,
61.9000,1499.0,1559.5,60.5,0.9601
61.9333,1499.0,1560.2,61.2,
61.9667,1499.0,1560.8,61.8,
62.0000,1499.0,1561.5,62.5,0.9474
62.0333,1499.0,1558.3,59.3,
62.0667,1499.0,1555.2,56.2,
62.1000,1499.0,1552.0,53.0,0.9565
62.1333,1499.0,1550.7,51.7,
62.1667,1499.0,1549.3,50.3,
62.2000,1499.0,1548.0,49.0,0.9622
62.2333,1499.0,1550.3,51.3,
62.2667,1499.0,1552.7,53.7,
62.3000,1499.0,1555.0,56.0,0.9587
62.3333,1499.0,1561.7,62.7,
62.3667,1499.0,1568.3,69.3,
62.4000,1499.0,1575.0,76.0,0.9583
62.4333,1499.0,1572.3,73.3,
62.4667,1499.0,1569.7,70.7,
62.5000,1499.0,1567.0,68.0,0.9615
62.5333,1499.0,1578.0,79.0,
62.5667,1499.0,1589.0,90.0,
62.6000,1499.0,1600.0,101.0,0.9536
62.6333,1508.0,1605.2,97.2,
62.6667,1515.0,1610.3,95.3,
62.7000,1522.0,1615.5,93.5,0.9380
62.7333,1529.0,1615.2,86.2,
62.7667,1535.0,1614.8,79.8,
62.8000,1541.0,1614.5,73.5,0.9310
62.8333,1546.0,1621.3,75.3,
62.8667,1550.0,1628.2,78.2,
62.9000,1555.0,1635.0,80.0,0.9225
62.9333,1559.0,1640.2,81.2,
62.9667,1562.0,1645.3,83.3,
63.0000,1566.0,1650.5,84.5,0.9332
63.0333,1569.0,1655.0,86.0,
63.0667,1572.0,1659.5,87.5,
63.1000,1574.0,1664.0,90.0,0.9436
63.1333,1577.0,1663.7,86.7,
63.1667,1579.0,1663.3,84.3,
63.2000,1581.0,1663.0,82.0,0.9108
63.2333,1583.0,1663.5,80.5,
63.2667,1585.0,1664.0,79.0,
63.3000,1586.0,1664.5,78.5,0.9138
63.3333,1588.0,1661.2,73.2,
63.3667,1589.0,1657.8,68.8,
63.4000,1590.0,1654.5,64.5,0.9162
63.4333,1592.0,1655.2,63.2,
63.4667,1593.0,1655.8,62.8,
63.5000,1594.0,1656.5,62.5,0.9304
63.5333,1594.0,1656.0,62.0,
63.5667,1595.0,1655.5,60.5,
63.6000,1596.0,1655.0,59.0,0.9267
63.6333,1597.0,1657.5,60.5,
63.6667,1597.0,1660.0,63.0,
63.7000,1598.0,1662.5,64.5,0.9377
63.7333,1598.0,1658.7,60.7,
63.7667,1599.0,1654.8,55.8,
63.8000,1599.0,1651.0,52.0,0.9343
63.8333,1600.0,1650.0,50.0,
63.8667,1600.0,1649.0,49.0,
63.9000,1601.0,1648.0,47.0,0.9504
63.9333,1601.0,1644.2,43.2,
63.9667,1601.0,1640.3,39.3,
64.0000,1601.0,1636.5,35.5,0.9406
64.0333,1602.0,1637.0,35.0,
64.0667,1602.0,1637.5,35.5,
64.1000,1602.0,1638.0,36.0,0.9380
64.1333,1602.0,1639.5,37.5,
64.1667,1603.0,1641.0,38.0,
64.2000,1603.0,1642.5,39.5,0.9315
64.2333,1603.0,1638.0,35.0,
64.2667,1603.0,1633.5,30.5,
64.3000,1603.0,1629.0,26.0,0.9381
64.3333,1603.0,1624.2,21.2,
64.3667,1603.0,1619.3,16.3,
64.4000,1603.0,1614.5,11.5,0.9339
64.4333,1604.0,1603.5,0.5,
64.4667,1604.0,1592.5,11.5,
64.5000,1604.0,1581.5,22.5,0.9596
64.5333,1604.0,1577.7,26.3,
64.5667,1604.0,1573.8,30.2,
64.6000,1604.0,1570.0,34.0,0.9607
64.6333,1604.0,1568.3,35.7,
64.6667,1604.0,1566.7,37.3,
64.7000,1604.0,1565.0,39.0,0.9594
64.7333,1604.0,1564.8,39.2,
64.7667,1604.0,1564.7,39.3,
64.8000,1604.0,1564.5,39.5,0.9513
64.8333,1604.0,1568.0,36.0,
64.8667,1604.0,1571.5,32.5,
64.9000,1604.0,1575.0,29.0,0.9498
64.9333,1604.0,1574.8,29.2,
64.9667,1604.0,1574.7,29.3,
65.0000,1604.0,1574.5,29.5,0.9536
65.0333,1604.0,1573.0,31.0,
65.0667,1604.0,1571.5,32.5,
65.1000,1604.0,1570.0,34.0,0.9614
65.1333,1604.0,1566.7,37.3,
65.1667,1604.0,1563.3,40.7,
65.2000,1605.0,1560.0,45.0,0.9704
65.2333,1605.0,1556.3,48.7,
65.2667,1605.0,1552.7,52.3,
65.3000,1605.0,1549.0,56.0,0.9807
65.3333,1605.0,1548.8,56.2,
65.3667,1605.0,1548.7,56.3,
65.4000,1605.0,1548.5,56.5,0.9767
65.4333,1605.0,1553.5,51.5,
65.4667,1605.0,1558.5,46.5,
65.5000,1605.0,1563.5,41.5,0.9588
65.5333,1605.0,1564.3,40.7,
65.5667,1605.0,1565.2,39.8,
65.6000,1605.0,1566.0,39.0,0.9604
65.6333,1605.0,1566.2,38.8,
65.6667,1605.0,1566.3,38.7,
65.7000,1605.0,1566.5,38.5,0.9416
65.7333,1605.0,1567.7,37.3,
65.7667,1605.0,1568.8,36.2,
65.8000,1605.0,1570.0,35.0,0.9567
65.8333,1605.0,1575.0,30.0,
65.8667,1605.0,1580.0,25.0,
65.9000,1605.0,1585.0,20.0,0.9519
65.9333,1605.0,1589.5,15.5,
65.9667,1605.0,1594.0,11.0,
66.0000,1605.0,1598.5,6.5,0.9329
66.0333,1605.0,1604.7,0.3,
66.0667,1605.0,1610.8,5.8,
66.1000,1605.0,1617.0,12.0,0.9291
66.1333,1605.0,1614.8,9.8,
66.1667,1605.0,1612.7,7.7,
66.2000,1605.0,1610.5,5.5,0.9346
66.2333,1605.0,1612.0,7.0,
66.2667,1605.0,1613.5,8.5,
66.3000,1605.0,1615.0,10.0,0.9364
66.3333,1605.0,1609.3,4.3,
66.3667,1605.0,1603.7,1.3,
66.4000,1605.0,1598.0,7.0,0.9496
66.4333,1605.0,1603.5,1.5,
66.4667,1605.0,1609.0,4.0,
66.5000,1605.0,1614.5,9.5,0.9257
66.5333,1605.0,1617.2,12.2,
66.5667,1605.0,1619.8,14.8,
66.6000,1605.0,1622.5,17.5,0.9034
66.6333,1605.0,1618.0,13.0,
66.6667,1605.0,1613.5,8.5,
66.7000,1605.0,1609.0,4.0,0.9284
66.7333,1605.0,1606.7,1.7,
66.7667,1605.0,1604.3,0.7,
66.8000,1605.0,1602.0,3.0,0.9300
66.8333,1605.0,1604.7,0.3,
66.8667,1605.0,1607.3,2.3,
66.9000,1605.0,1610.0,5.0,0.9419
66.9333,1605.0,1609.0,4.0,
66.9667,1605.0,1608.0,3.0,
67.0000,1605.0,1607.0,2.0,0.9303
67.0333,1605.0,1605.5,0.5,
67.0667,1605.0,1604.0,1.0,
67.1000,1605.0,1602.5,2.5,0.9196
67.1333,1605.0,1605.2,0.2,
67.1667,1605.0,1607.8,2.8,
67.2000,1605.0,1610.5,5.5,0.8971
67.2333,1605.0,1602.3,2.7,
67.2667,1605.0,1594.2,10.8,
67.3000,1605.0,1586.0,19.0,0.9227
67.3333,1605.0,1585.2,19.8,
67.3667,1605.0,1584.3,20.7,
67.4000,1605.0,1583.5,21.5,0.9426
67.4333,1605.0,1582.5,22.5,
67.4667,1605.0,1581.5,23.5,
67.5000,1605.0,1580.5,24.5,0.9374
67.5333,1605.0,1585.3,19.7,
67.5667,1605.0,1590.2,14.8,
67.6000,1605.0,1595.0,10.0,0.9389
67.6333,1605.0,1598.3,6.7,
67.6667,1605.0,1601.7,3.3,
67.7000,1605.0,1605.0,0.0,0.9310
67.7333,1605.0,1603.0,2.0,
67.7667,1605.0,1601.0,4.0,
67.8000,1605.0,1599.0,6.0,0.9425
67.8333,1605.0,1599.8,5.2,
67.8667,1605.0,1600.7,4.3,
67.9000,1605.0,1601.5,3.5,0.9391
67.9333,1605.0,1596.8,8.2,
67.9667,1605.0,1592.2,12.8,
68.0000,1605.0,1587.5,17.5,0.9492
68.0333,1605.0,1590.8,14.2,
68.0667,1605.0,1594.2,10.8,
68.1000,1605.0,1597.5,7.5,0.9505
68.1333,1605.0,1587.3,17.7,
68.1667,1605.0,1577.2,27.8,
68.2000,1605.0,1567.0,38.0,0.9323
68.2333,1605.0,1560.7,44.3,
68.2667,1605.0,1554.3,50.7,
68.3000,1605.0,1548.0,57.0,0.9346
68.3333,1605.0,1549.5,55.5,
68.3667,1605.0,1551.0,54.0,
68.4000,1605.0,1552.5,52.5,0.9276
68.4333,1605.0,1559.2,45.8,
68.4667,1605.0,1565.8,39.2,
68.5000,1605.0,1572.5,32.5,0.9265
68.5333,1605.0,1571.8,33.2,
68.5667,1605.0,1571.2,33.8,
68.6000,1605.0,1570.5,34.5,0.9265
68.6333,1605.0,1574.8,30.2,
68.6667,1605.0,1579.2,25.8,
68.7000,1605.0,1583.5,21.5,0.9267
68.7333,1605.0,1589.7,15.3,
68.7667,1605.0,1595.8,9.2,
68.8000,1605.0,1602.0,3.0,0.9311
68.8333,1605.0,1597.2,7.8,
68.8667,1605.0,1592.3,12.7,
68.9000,1605.0,1587.5,17.5,0.9210
68.9333,1605.0,1587.0,18.0,
68.9667,1605.0,1586.5,18.5,
69.0000,1605.0,1586.0,19.0,0.9380
69.0333,1605.0,1585.0,20.0,
69.0667,1605.0,1584.0,21.0,
69.1000,1605.0,1583.0,22.0,0.9359
69.1333,1605.0,1584.0,21.0,
69.1667,1605.0,1585.0,20.0,
69.2000,1605.0,1586.0,19.0,0.9244
69.2333,1605.0,1584.8,20.2,
69.2667,1605.0,1583.7,21.3,
69.3000,1605.0,1582.5,22.5,0.9353
69.3333,1605.0,1582.0,23.0,
69.3667,1605.0,1581.5,23.5,
69.4000,1605.0,1581.0,24.0,0.9370
69.4333,1605.0,1588.0,17.0,
69.4667,1605.0,1595.0,10.0,
69.5000,1605.0,1602.0,3.0,0.9303
69.5333,1605.0,1599.8,5.2,
69.5667,1605.0,1597.7,7.3,
69.6000,1605.0,1595.5,9.5,0.9540
69.6333,1605.0,1597.2,7.8,
69.6667,1605.0,1598.8,6.2,
69.7000,1605.0,1600.5,4.5,0.9467
69.7333,1605.0,1608.5,3.5,
69.7667,1605.0,1616.5,11.5,
69.8000,1605.0,1624.5,19.5,0.9513
69.8333,1605.0,1630.0,25.0,
69.8667,1605.0,1635.5,30.5,
69.9000,1605.0,1641.0,36.0,0.9594
69.9333,1605.0,1639.3,34.3,
69.9667,1605.0,1637.7,32.7,
70.0000,1605.0,1636.0,31.0,0.9505
70.0333,1605.0,1633.3,28.3,
70.0667,1605.0,1630.7,25.7,
70.1000,1605.0,1628.0,23.0,0.9437
70.1333,1605.0,1618.2,13.2,
70.1667,1605.0,1608.3,3.3,
70.2000,1605.0,1598.5,6.5,0.9325
70.2333,1605.0,1591.5,13.5,
70.2667,1605.0,1584.5,20.5,
70.3000,1605.0,1577.5,27.5,0.9387
70.3333,1605.0,1577.8,27.2,
70.3667,1605.0,1578.2,26.8,
70.4000,1605.0,1578.5,26.5,0.9497
70.4333,1605.0,1577.2,27.8,
70.4667,1605.0,1575.8,29.2,
70.5000,1605.0,1574.5,30.5,0.9388
70.5333,1605.0,1577.2,27.8,
70.5667,1605.0,1579.8,25.2,
70.6000,1605.0,1582.5,22.5,0.9481
70.6333,1605.0,1586.0,19.0,
70.6667,1605.0,1589.5,15.5,
70.7000,1605.0,1593.0,12.0,0.9290
70.7333,1605.0,1596.8,8.2,
70.7667,1605.0,1600.7,4.3,
70.8000,1605.0,1604.5,0.5,0.9312
70.8333,1605.0,1605.3,0.3,
70.8667,1605.0,1606.2,1.2,
70.9000,1605.0,1607.0,2.0,0.9283
70.9333,1605.0,1606.3,1.3,
70.9667,1605.0,1605.7,0.7,
71.0000,1605.0,1605.0,0.0,0.9366
71.0333,1605.0,1603.8,1.2,
71.0667,1605.0,1602.7,2.3,
71.1000,1605.0,1601.5,3.5,0.9364
71.1333,1605.0,1600.3,4.7,
71.1667,1605.0,1599.2,5.8,
71.2000,1605.0,1598.0,7.0,0.9302
71.2333,1605.0,1599.2,5.8,
71.2667,1605.0,1600.3,4.7,
71.3000,1605.0,1601.5,3.5,0.9357
71.3333,1605.0,1602.8,2.2,
71.3667,1605.0,1604.2,0.8,
71.4000,1605.0,1605.5,0.5,0.9305
71.4333,1605.0,1606.5,1.5,
71.4667,1605.0,1607.5,2.5,
71.5000,1605.0,1608.5,3.5,0.9365
71.5333,1605.0,1608.5,3.5,
71.5667,1605.0,1608.5,3.5,
71.6000,1605.0,1608.5,3.5,0.9346
71.6333,1605.0,1606.7,1.7,
71.6667,1605.0,1604.8,0.2,
71.7000,1605.0,1603.0,2.0,0.9267
71.7333,1605.0,1602.8,2.2,
71.7667,1605.0,1602.7,2.3,
71.8000,1605.0,1602.5,2.5,0.9215
71.8333,1605.0,1604.7,0.3,
71.8667,1605.0,1606.8,1.8,
71.9000,1605.0,1609.0,4.0,0.9431
71.9333,1605.0,1611.3,6.3,
71.9667,1605.0,1613.7,8.7,
72.0000,1605.0,1616.0,11.0,0.9219
72.0333,1605.0,1613.2,8.2,
72.0667,1605.0,1610.3,5.3,
72.1000,1605.0,1607.5,2.5,0.9311
72.1333,1605.0,1601.0,4.0,
72.1667,1605.0,1594.5,10.5,
72.2000,1605.0,1588.0,17.0,0.9235
72.2333,1605.0,1586.0,19.0,
72.2667,1605.0,1584.0,21.0,
72.3000,1605.0,1582.0,23.0,0.9118
72.3333,1605.0,1582.7,22.3,
72.3667,1605.0,1583.3,21.7,
72.4000,1605.0,1584.0,21.0,0.8942
72.4333,1605.0,1584.0,21.0,
72.4667,1605.0,1584.0,21.0,
72.5000,1605.0,1584.0,21.0,0.8857
72.5333,1605.0,1582.2,22.8,
72.5667,1605.0,1580.3,24.7,
72.6000,1605.0,1578.5,26.5,0.8907
72.6333,1605.0,1577.0,28.0,
72.6667,1605.0,1575.5,29.5,
72.7000,1605.0,1574.0,31.0,0.9103
72.7333,1605.0,1571.7,33.3,
72.7667,1605.0,1569.3,35.7,
72.8000,1605.0,1567.0,38.0,0.9125
72.8333,1605.0,1554.2,50.8,
72.8667,1605.0,1541.3,63.7,
72.9000,1605.0,1528.5,76.5,0.9371
72.9333,1605.0,1534.3,70.7,
72.9667,1605.0,1540.2,64.8,
73.0000,1605.0,1546.0,59.0,0.9649
73.0333,1605.0,1537.0,68.0,
73.0667,1605.0,1528.0,77.0,
73.1000,1605.0,1519.0,86.0,0.9574
73.1333,1605.0,1518.0,87.0,
73.1667,1605.0,1517.0,88.0,
73.2000,1605.0,1516.0,89.0,0.9568
73.2333,1605.0,1516.7,88.3,
73.2667,1605.0,1517.3,87.7,
73.3000,1605.0,1518.0,87.0,0.9645
73.3333,1605.0,1518.2,86.8,
73.3667,1605.0,1518.3,86.7,
73.4000,1605.0,1518.5,86.5,0.9609
73.4333,1605.0,1524.5,80.5,
73.4667,1605.0,1530.5,74.5,
73.5000,1605.0,1536.5,68.5,0.9415
73.5333,1605.0,1535.3,69.7,
73.5667,1605.0,1534.2,70.8,
73.6000,1605.0,1533.0,72.0,0.9588
73.6333,1605.0,1530.7,74.3,
73.6667,1605.0,1528.3,76.7,
73.7000,1605.0,1526.0,79.0,0.9640
73.7333,1605.0,1528.8,76.2,
73.7667,1605.0,1531.7,73.3,
73.8000,1605.0,1534.5,70.5,0.9613
73.8333,1605.0,1533.3,71.7,
73.8667,1605.0,1532.2,72.8,
73.9000,1605.0,1531.0,74.0,0.9762
73.9333,1605.0,1537.3,67.7,
73.9667,1605.0,1543.7,61.3,
74.0000,1605.0,1550.0,55.0,0.9710
74.0333,1605.0,1550.0,55.0,
74.0667,1605.0,1550.0,55.0,
74.1000,1605.0,1550.0,55.0,0.9695
74.1333,1605.0,1546.7,58.3,
74.1667,1605.0,1543.3,61.7,
74.2000,1605.0,1540.0,65.0,0.9709
74.2333,1605.0,1537.2,67.8,
74.2667,1605.0,1534.3,70.7,
74.3000,1605.0,1531.5,73.5,0.9792
74.3333,1605.0,1534.2,70.8,
74.3667,1605.0,1536.8,68.2,
74.4000,1605.0,1539.5,65.5,0.9798
74.4333,1605.0,1542.0,63.0,
74.4667,1605.0,1544.5,60.5,
74.5000,1605.0,1547.0,58.0,0.9788
74.5333,1605.0,1548.7,56.3,
74.5667,1605.0,1550.3,54.7,
74.6000,1605.0,1552.0,53.0,0.9774
74.6333,1605.0,1555.3,49.7,
74.6667,1605.0,1558.7,46.3,
74.7000,1605.0,1562.0,43.0,0.9749
74.7333,1605.0,1562.0,43.0,
74.7667,1605.0,1562.0,43.0,
74.8000,1605.0,1562.0,43.0,0.9687
74.8333,1605.0,1560.2,44.8,
74.8667,1605.0,1558.3,46.7,
74.9000,1605.0,1556.5,48.5,0.9714
74.9333,1605.0,1558.5,46.5,
74.9667,1605.0,1560.5,44.5,
75.0000,1605.0,1562.5,42.5,0.9772
75.0333,1605.0,1567.3,37.7,
75.0667,1605.0,1572.2,32.8,
75.1000,1605.0,1577.0,28.0,0.9700
75.1333,1605.0,1575.8,29.2,
75.1667,1605.0,1574.7,30.3,
75.2000,1605.0,1573.5,31.5,0.9647
75.2333,1605.0,1575.2,29.8,
75.2667,1605.0,1576.8,28.2,
75.3000,1605.0,1578.5,26.5,0.9699
75.3333,1605.0,1581.5,23.5,
75.3667,1605.0,1584.5,20.5,
75.4000,1605.0,1587.5,17.5,0.9740
75.4333,1605.0,1590.7,14.3,
75.4667,1605.0,1593.8,11.2,
75.5000,1605.0,1597.0,8.0,0.9594
75.5333,1605.0,1598.0,7.0,
75.5667,1605.0,1599.0,6.0,
75.6000,1605.0,1600.0,5.0,0.9643
75.6333,1605.0,1598.3,6.7,
75.6667,1605.0,1596.7,8.3,
75.7000,1605.0,1595.0,10.0,0.9556
75.7333,1605.0,1595.3,9.7,
75.7667,1605.0,1595.7,9.3,
75.8000,1605.0,1596.0,9.0,0.9601
75.8333,1605.0,1599.5,5.5,
75.8667,1605.0,1603.0,2.0,
75.9000,1605.0,1606.5,1.5,0.9518
75.9333,1605.0,1608.5,3.5,
75.9667,1605.0,1610.5,5.5,
76.0000,1605.0,1612.5,7.5,0.9513
76.0333,1605.0,1614.8,9.8,
76.0667,1605.0,1617.2,12.2,
76.1000,1605.0,1619.5,14.5,0.9442
76.1333,1605.0,1620.8,15.8,
76.1667,1605.0,1622.2,17.2,
76.2000,1605.0,1623.5,18.5,0.9312
76.2333,1605.0,1624.3,19.3,
76.2667,1605.0,1625.2,20.2,
76.3000,1605.0,1626.0,21.0,0.9329
76.3333,1605.0,1627.5,22.5,
76.3667,1605.0,1629.0,24.0,
76.4000,1605.0,1630.5,25.5,0.9410
76.4333,1605.0,1635.2,30.2,
76.4667,1605.0,1639.8,34.8,
76.5000,1605.0,1644.5,39.5,0.9541
76.5333,1605.0,1647.5,42.5,
76.5667,1605.0,1650.5,45.5,
76.6000,1605.0,1653.5,48.5,0.9462
76.6333,1605.0,1652.5,47.5,
76.6667,1605.0,1651.5,46.5,
76.7000,1605.0,1650.5,45.5,0.9246
76.7333,1605.0,1650.0,45.0,
76.7667,1605.0,1649.5,44.5,
76.8000,1605.0,1649.0,44.0,0.9406
76.8333,1605.0,1652.2,47.2,
76.8667,1605.0,1655.3,50.3,
76.9000,1605.0,1658.5,53.5,0.9355
76.9333,1605.0,1661.2,56.2,
76.9667,1605.0,1663.8,58.8,
77.0000,1605.0,1666.5,61.5,0.9372
77.0333,1605.0,1664.3,59.3,
77.0667,1605.0,1662.2,57.2,
77.1000,1605.0,1660.0,55.0,0.9280
77.1333,1605.0,1660.8,55.8,
77.1667,1605.0,1661.7,56.7,
77.2000,1605.0,1662.5,57.5,0.9191
77.2333,1605.0,1663.5,58.5,
77.2667,1605.0,1664.5,59.5,
77.3000,1605.0,1665.5,60.5,0.9112
77.3333,1605.0,1666.5,61.5,
77.3667,1605.0,1667.5,62.5,
77.4000,1605.0,1668.5,63.5,0.9086
77.4333,1605.0,1668.7,63.7,
77.4667,1605.0,1668.8,63.8,
77.5000,1605.0,1669.0,64.0,0.9241
77.5333,1605.0,1664.8,59.8,
77.5667,1605.0,1660.7,55.7,
77.6000,1605.0,1656.5,51.5,0.9411
77.6333,1605.0,1655.0,50.0,
77.6667,1605.0,1653.5,48.5,
77.7000,1605.0,1652.0,47.0,0.9534
77.7333,1605.0,1658.0,53.0,
77.7667,1605.0,1664.0,59.0,
77.8000,1605.0,1670.0,65.0,0.9676
77.8333,1605.0,1672.8,67.8,
77.8667,1605.0,1675.7,70.7,
77.9000,1605.0,1678.5,73.5,0.9693
77.9333,1605.0,1679.8,74.8,
77.9667,1605.0,1681.2,76.2,
78.0000,1605.0,1682.5,77.5,0.9748
78.0333,1605.0,1678.3,73.3,
78.0667,1605.0,1674.2,69.2,
78.1000,1605.0,1670.0,65.0,0.9670
78.1333,1605.0,1668.7,63.7,
78.1667,1605.0,1667.3,62.3,
78.2000,1605.0,1666.0,61.0,0.9636
78.2333,1605.0,1664.5,59.5,
78.2667,1605.0,1663.0,58.0,
78.3000,1605.0,1661.5,56.5,0.9628
78.3333,1605.0,1659.5,54.5,
78.3667,1605.0,1657.5,52.5,
78.4000,1605.0,1655.5,50.5,0.9571
78.4333,1605.0,1657.7,52.7,
78.4667,1605.0,1659.8,54.8,
78.5000,1605.0,1662.0,57.0,0.9557
78.5333,1605.0,1663.3,58.3,
78.5667,1605.0,1664.7,59.7,
78.6000,1605.0,1666.0,61.0,0.9648
78.6333,1605.0,1667.7,62.7,
78.6667,1605.0,1669.3,64.3,
78.7000,1605.0,1671.0,66.0,0.9606
78.7333,1605.0,1674.2,69.2,
78.7667,1605.0,1677.3,72.3,
78.8000,1605.0,1680.5,75.5,0.9570
78.8333,1605.0,1681.2,76.2,
78.8667,1605.0,1681.8,76.8,
78.9000,1605.0,1682.5,77.5,0.9572
78.9333,1605.0,1681.3,76.3,
78.9667,1605.0,1680.2,75.2,
79.0000,1605.0,1679.0,74.0,0.9556
79.0333,1605.0,1682.7,77.7,
79.0667,1605.0,1686.3,81.3,
79.1000,1605.0,1690.0,85.0,0.9508
79.1333,1605.0,1690.0,85.0,
79.1667,1605.0,1690.0,85.0,
79.2000,1605.0,1690.0,85.0,0.9610
79.2333,1605.0,1685.2,80.2,
79.2667,1605.0,1680.3,75.3,
79.3000,1605.0,1675.5,70.5,0.9535
79.3333,1605.0,1674.2,69.2,
79.3667,1605.0,1672.8,67.8,
79.4000,1605.0,1671.5,66.5,0.9596
79.4333,1605.0,1667.8,62.8,
79.4667,1605.0,1664.2,59.2,
79.5000,1605.0,1660.5,55.5,0.9649
79.5333,1605.0,1661.0,56.0,
79.5667,1605.0,1661.5,56.5,
79.6000,1605.0,1662.0,57.0,0.9606
79.6333,1605.0,1662.7,57.7,
79.6667,1605.0,1663.3,58.3,
79.7000,1605.0,1664.0,59.0,0.9681
79.7333,1605.0,1671.7,66.7,
79.7667,1605.0,1679.3,74.3,
79.8000,1605.0,1687.0,82.0,0.9596
79.8333,1605.0,1682.8,77.8,
79.8667,1605.0,1678.7,73.7,
79.9000,1605.0,1674.5,69.5,0.9626
79.9333,1605.0,1677.5,72.5,
79.9667,1605.0,1680.5,75.5,
80.0000,1605.0,1683.5,78.5,0.9495
80.0333,1605.0,1686.5,81.5,
80.0667,1605.0,1689.5,84.5,
80.1000,1605.0,1692.5,87.5,0.9527
80.1333,1605.0,1693.8,88.8,
80.1667,1605.0,1695.2,90.2,
80.2000,1605.0,1696.5,91.5,0.9591
80.2333,1605.0,1697.0,92.0,
80.2667,1605.0,1697.5,92.5,
80.3000,1605.0,1698.0,93.0,0.9222
80.3333,1605.0,1696.3,91.3,
80.3667,1605.0,1694.7,89.7,
80.4000,1605.0,1693.0,88.0,0.9584
80.4333,1605.0,1689.7,84.7,
80.4667,1605.0,1686.3,81.3,
80.5000,1605.0,1683.0,78.0,0.9728
80.5333,1605.0,1683.8,78.8,
80.5667,1605.0,1684.7,79.7,
80.6000,1605.0,1685.5,80.5,0.9764
80.6333,1605.0,1685.3,80.3,
80.6667,1605.0,1685.2,80.2,
80.7000,1605.0,1685.0,80.0,0.9708
80.7333,1605.0,1680.8,75.8,
80.7667,1605.0,1676.7,71.7,
80.8000,1605.0,1672.5,67.5,0.9754
80.8333,1605.0,1672.3,67.3,
80.8667,1605.0,1672.2,67.2,
80.9000,1605.0,1672.0,67.0,0.9775
80.9333,1605.0,1674.2,69.2,
80.9667,1605.0,1676.3,71.3,
81.0000,1605.0,1678.5,73.5,0.9752
81.0333,1605.0,1678.2,73.2,
81.0667,1605.0,1677.8,72.8,
81.1000,1605.0,1677.5,72.5,0.9421
81.1333,1605.0,1679.2,74.2,
81.1667,1605.0,1680.8,75.8,
81.2000,1605.0,1682.5,77.5,0.9366
81.2333,1605.0,1687.7,82.7,
81.2667,1605.0,1692.8,87.8,
81.3000,1605.0,1698.0,93.0,0.9401
81.3333,1605.0,1698.7,93.7,
81.3667,1605.0,1699.3,94.3,
81.4000,1605.0,1700.0,95.0,0.9310
81.4333,1605.0,1698.3,93.3,
81.4667,1605.0,1696.7,91.7,
81.5000,1605.0,1695.0,90.0,0.9383
81.5333,1605.0,1694.2,89.2,
81.5667,1605.0,1693.3,88.3,
81.6000,1605.0,1692.5,87.5,0.9567
81.6333,1605.0,1693.8,88.8,
81.6667,1605.0,1695.2,90.2,
81.7000,1605.0,1696.5,91.5,0.9582
81.7333,1605.0,1694.7,89.7,
81.7667,1605.0,1692.8,87.8,
81.8000,1605.0,1691.0,86.0,0.9768
81.8333,1605.0,1695.8,90.8,
81.8667,1605.0,1700.7,95.7,
81.9000,1605.0,1705.5,100.5,0.9735
81.9333,1605.0,1697.7,92.7,
81.9667,1605.0,1689.8,84.8,
82.0000,1605.0,1682.0,77.0,0.9696
82.0333,1605.0,1687.2,82.2,
82.0667,1605.0,1692.3,87.3,
82.1000,1605.0,1697.5,92.5,0.9690
82.1333,1605.0,1698.3,93.3,
82.1667,1605.0,1699.2,94.2,
82.2000,1605.0,1700.0,95.0,0.9645
82.2333,1605.0,1704.2,99.2,
82.2667,1613.0,1708.3,95.3,
82.3000,1621.0,1712.5,91.5,0.9593
82.3333,1628.0,1710.5,82.5,
82.3667,1634.0,1708.5,74.5,
82.4000,1640.0,1706.5,66.5,0.9574
82.4333,1645.0,1706.7,61.7,
82.4667,1650.0,1706.8,56.8,
82.5000,1655.0,1707.0,52.0,0.9498
82.5333,1659.0,1704.3,45.3,
82.5667,1663.0,1701.7,38.7,
82.6000,1667.0,1699.0,32.0,0.9559
82.6333,1670.0,1700.2,30.2,
82.6667,1673.0,1701.3,28.3,
82.7000,1676.0,1702.5,26.5,0.9639
82.7333,1678.0,1701.7,23.7,
82.7667,1681.0,1700.8,19.8,
82.8000,1683.0,1700.0,17.0,0.9590
82.8333,1685.0,1698.8,13.8,
82.8667,1687.0,1697.7,10.7,
82.9000,1688.0,1696.5,8.5,0.9592
82.9333,1690.0,1696.5,6.5,
82.9667,1691.0,1696.5,5.5,
83.0000,1693.0,1696.5,3.5,0.9658
83.0333,1694.0,1698.7,4.7,
83.0667,1695.0,1700.8,5.8,
83.1000,1696.0,1703.0,7.0,0.9713
83.1333,1697.0,1702.3,5.3,
83.1667,1698.0,1701.7,3.7,
83.2000,1699.0,1701.0,2.0,0.9774
83.2333,1699.0,1701.5,2.5,
83.2667,1700.0,1702.0,2.0,
83.3000,1701.0,1702.5,1.5,0.9802
83.3333,1701.0,1705.5,4.5,
83.3667,1702.0,1708.5,6.5,
83.4000,1702.0,1711.5,9.5,0.9780
83.4333,1703.0,1712.0,9.0,
83.4667,1703.0,1712.5,9.5,
83.5000,1704.0,1713.0,9.0,0.9841
83.5333,1704.0,1710.5,6.5,
83.5667,1704.0,1708.0,4.0,
83.6000,1704.0,1705.5,1.5,0.9840
83.6333,1705.0,1703.5,1.5,
83.6667,1705.0,1701.5,3.5,
83.7000,1705.0,1699.5,5.5,0.9839
83.7333,1705.0,1698.8,6.2,
83.7667,1706.0,1698.2,7.8,
83.8000,1706.0,1697.5,8.5,0.9835
83.8333,1706.0,1697.3,8.7,
83.8667,1706.0,1697.2,8.8,
83.9000,1706.0,1697.0,9.0,0.9797
83.9333,1706.0,1699.2,6.8,
83.9667,1706.0,1701.3,4.7,
84.0000,1707.0,1703.5,3.5,0.9843
84.0333,1707.0,1705.7,1.3,
84.0667,1707.0,1707.8,0.8,
84.1000,1707.0,1710.0,3.0,0.9845
84.1333,1707.0,1708.2,1.2,
84.1667,1707.0,1706.3,0.7,
84.2000,1707.0,1704.5,2.5,0.9815
84.2333,1707.0,1702.0,5.0,
84.2667,1707.0,1699.5,7.5,
84.3000,1707.0,1697.0,10.0,0.9791
84.3333,1707.0,1702.3,4.7,
84.3667,1707.0,1707.7,0.7,
84.4000,1707.0,1713.0,6.0,0.9711
84.4333,1707.0,1716.8,9.8,
84.4667,1707.0,1720.7,13.7,
84.5000,1707.0,1724.5,17.5,0.9583
84.5333,1708.0,1722.7,14.7,
84.5667,1708.0,1720.8,12.8,
84.6000,1708.0,1719.0,11.0,0.9640
84.6333,1708.0,1717.7,9.7,
84.6667,1708.0,1716.3,8.3,
84.7000,1708.0,1715.0,7.0,0.9648
84.7333,1708.0,1717.0,9.0,
84.7667,1708.0,1719.0,11.0,
84.8000,1708.0,1721.0,13.0,0.9630
84.8333,1708.0,1720.3,12.3,
84.8667,1708.0,1719.7,11.7,
84.9000,1708.0,1719.0,11.0,0.9607
84.9333,1708.0,1717.3,9.3,
84.9667,1708.0,1715.7,7.7,
85.0000,1708.0,1714.0,6.0,0.9609
85.0333,1708.0,1715.8,7.8,
85.0667,1708.0,1717.7,9.7,
85.1000,1708.0,1719.5,11.5,0.9784
85.1333,1708.0,1718.8,10.8,
85.1667,1708.0,1718.2,10.2,
85.2000,1708.0,1717.5,9.5,0.9797
85.2333,1708.0,1715.7,7.7,
85.2667,1708.0,1713.8,5.8,
85.3000,1708.0,1712.0,4.0,0.9734
85.3333,1708.0,1704.7,3.3,
85.3667,1708.0,1697.3,10.7,
85.4000,1708.0,1690.0,18.0,0.9750
85.4333,1708.0,1686.3,21.7,
85.4667,1708.0,1682.7,25.3,
85.5000,1708.0,1679.0,29.0,0.9699
85.5333,1708.0,1674.0,34.0,
85.5667,1708.0,1669.0,39.0,
85.6000,1708.0,1664.0,44.0,0.9609
85.6333,1708.0,1663.7,44.3,
85.6667,1708.0,1663.3,44.7,
85.7000,1708.0,1663.0,45.0,0.9503
85.7333,1708.0,1663.2,44.8,
85.7667,1708.0,1663.3,44.7,
85.8000,1708.0,1663.5,44.5,0.9479
85.8333,1708.0,1663.2,44.8,
85.8667,1708.0,1662.8,45.2,
85.9000,1708.0,1662.5,45.5,0.9534
85.9333,1708.0,1662.2,45.8,
85.9667,1708.0,1661.8,46.2,
86.0000,1708.0,1661.5,46.5,0.9524
86.0333,1708.0,1661.0,47.0,
86.0667,1708.0,1660.5,47.5,
86.1000,1708.0,1660.0,48.0,0.9492
86.1333,1708.0,1659.2,48.8,
86.1667,1708.0,1658.3,49.7,
86.2000,1708.0,1657.5,50.5,0.9498
86.2333,1708.0,1657.3,50.7,
86.2667,1708.0,1657.2,50.8,
86.3000,1708.0,1657.0,51.0,0.9607
86.3333,1708.0,1664.8,43.2,
86.3667,1708.0,1672.7,35.3,
86.4000,1708.0,1680.5,27.5,0.9765
86.4333,1708.0,1677.7,30.3,
86.4667,1708.0,1674.8,33.2,
86.5000,1708.0,1672.0,36.0,0.9793
86.5333,1708.0,1670.0,38.0,
86.5667,1708.0,1668.0,40.0,
86.6000,1708.0,1666.0,42.0,0.9708
86.6333,1708.0,1657.0,51.0,
86.6667,1708.0,1648.0,60.0,
86.7000,1708.0,1639.0,69.0,0.9663
86.7333,1708.0,1635.2,72.8,
86.7667,1708.0,1631.3,76.7,
86.8000,1708.0,1627.5,80.5,0.9675
86.8333,1708.0,1626.5,81.5,
86.8667,1708.0,1625.5,82.5,
86.9000,1708.0,1624.5,83.5,0.9578
86.9333,1708.0,1625.2,82.8,
86.9667,1708.0,1625.8,82.2,
87.0000,1708.0,1626.5,81.5,0.9478
87.0333,1708.0,1627.5,80.5,
87.0667,1708.0,1628.5,79.5,
87.1000,1708.0,1629.5,78.5,0.9531
87.1333,1708.0,1629.0,79.0,
87.1667,1708.0,1628.5,79.5,
87.2000,1708.0,1628.0,80.0,0.9448
87.2333,1708.0,1628.3,79.7,
87.2667,1708.0,1628.7,79.3,
87.3000,1708.0,1629.0,79.0,0.9485
87.3333,1708.0,1627.5,80.5,
87.3667,1708.0,1626.0,82.0,
87.4000,1708.0,1624.5,83.5,0.9632
87.4333,1708.0,1623.8,84.2,
87.4667,1708.0,1623.2,84.8,
87.5000,1708.0,1622.5,85.5,0.9505
87.5333,1708.0,1621.8,86.2,
87.5667,1708.0,1621.2,86.8,
87.6000,1708.0,1620.5,87.5,0.9479
87.6333,1708.0,1619.7,88.3,
87.6667,1708.0,1618.8,89.2,
87.7000,1708.0,1618.0,90.0,0.9497
87.7333,1708.0,1620.7,87.3,
87.7667,1708.0,1623.3,84.7,
87.8000,1708.0,1626.0,82.0,0.9468
87.8333,1708.0,1628.3,79.7,
87.8667,1708.0,1630.7,77.3,
87.9000,1708.0,1633.0,75.0,0.9415
87.9333,1708.0,1632.8,75.2,
87.9667,1708.0,1632.7,75.3,
88.0000,1708.0,1632.5,75.5,0.9305
88.0333,1708.0,1633.2,74.8,
88.0667,1708.0,1633.8,74.2,
88.1000,1708.0,1634.5,73.5,0.9477
88.1333,1708.0,1636.2,71.8,
88.1667,1708.0,1637.8,70.2,
88.2000,1708.0,1639.5,68.5,0.9566
88.2333,1708.0,1645.2,62.8,
88.2667,1708.0,1650.8,57.2,
88.3000,1708.0,1656.5,51.5,0.9617
88.3333,1708.0,1653.5,54.5,
88.3667,1708.0,1650.5,57.5,
88.4000,1708.0,1647.5,60.5,0.9761
88.4333,1708.0,1647.5,60.5,
88.4667,1708.0,1647.5,60.5,
88.5000,1708.0,1647.5,60.5,0.9678
88.5333,1708.0,1650.8,57.2,
88.5667,1708.0,1654.2,53.8,
88.6000,1708.0,1657.5,50.5,0.9721
88.6333,1708.0,1661.0,47.0,
88.6667,1708.0,1664.5,43.5,
88.7000,1708.0,1668.0,40.0,0.9754
88.7333,1708.0,1668.7,39.3,
88.7667,1708.0,1669.3,38.7,
88.8000,1708.0,1670.0,38.0,0.9784
88.8333,1708.0,1669.5,38.5,
88.8667,1708.0,1669.0,39.0,
88.9000,1708.0,1668.5,39.5,0.9660
88.9333,1708.0,1671.0,37.0,
88.9667,1708.0,1673.5,34.5,
89.0000,1708.0,1676.0,32.0,0.9705
89.0333,1708.0,1675.7,32.3,
89.0667,1708.0,1675.3,32.7,
89.1000,1708.0,1675.0,33.0,0.9591
89.1333,1708.0,1675.8,32.2,
89.1667,1708.0,1676.7,31.3,
89.2000,1708.0,1677.5,30.5,0.9697
89.2333,1708.0,1678.5,29.5,
89.2667,1708.0,1679.5,28.5,
89.3000,1708.0,1680.5,27.5,0.9745
89.3333,1708.0,1680.7,27.3,
89.3667,1708.0,1680.8,27.2,
89.4000,1708.0,1681.0,27.0,0.9593
89.4333,1708.0,1686.8,21.2,
89.4667,1708.0,1692.7,15.3,
89.5000,1708.0,1698.5,9.5,0.9776
89.5333,1708.0,1696.5,11.5,
89.5667,1708.0,1694.5,13.5,
89.6000,1708.0,1692.5,15.5,0.9728
89.6333,1708.0,1695.5,12.5,
89.6667,1708.0,1698.5,9.5,
89.7000,1708.0,1701.5,6.5,0.9792
89.7333,1708.0,1701.5,6.5,
89.7667,1708.0,1701.5,6.5,
89.8000,1708.0,1701.5,6.5,0.9735
89.8333,1708.0,1700.5,7.5,
89.8667,1708.0,1699.5,8.5,
89.9000,1708.0,1698.5,9.5,0.9768
89.9333,1708.0,1702.0,6.0,
89.9667,1708.0,1705.5,2.5,
90.0000,1708.0,1709.0,1.0,0.9715
90.0333,1708.0,1706.8,1.2,
90.0667,1708.0,1704.7,3.3,
90.1000,1708.0,1702.5,5.5,0.9736
90.1333,1708.0,1701.8,6.2,
90.1667,1708.0,1701.2,6.8,
90.2000,1708.0,1700.5,7.5,0.9746
90.2333,1708.0,1701.0,7.0,
90.2667,1708.0,1701.5,6.5,
90.3000,1708.0,1702.0,6.0,0.9744
90.3333,1708.0,1701.2,6.8,
90.3667,1708.0,1700.3,7.7,
90.4000,1708.0,1699.5,8.5,0.9798
90.4333,1708.0,1698.3,9.7,
90.4667,1708.0,1697.2,10.8,
90.5000,1708.0,1696.0,12.0,0.9760
90.5333,1708.0,1692.5,15.5,
90.5667,1708.0,1689.0,19.0,
90.6000,1708.0,1685.5,22.5,0.9741
90.6333,1708.0,1690.3,17.7,
90.6667,1708.0,1695.2,12.8,
90.7000,1708.0,1700.0,8.0,0.9630
90.7333,1708.0,1698.3,9.7,
90.7667,1708.0,1696.7,11.3,
90.8000,1708.0,1695.0,13.0,0.9611
90.8333,1708.0,1693.8,14.2,
90.8667,1708.0,1692.7,15.3,
90.9000,1708.0,1691.5,16.5,0.9629
90.9333,1708.0,1690.8,17.2,
90.9667,1708.0,1690.2,17.8,
91.0000,1708.0,1689.5,18.5,0.9612
91.0333,1708.0,1689.7,18.3,
91.0667,1708.0,1689.8,18.2,
91.1000,1708.0,1690.0,18.0,0.9599
91.1333,1708.0,1690.2,17.8,
91.1667,1708.0,1690.3,17.7,
91.2000,1708.0,1690.5,17.5,0.9661
91.2333,1708.0,1692.2,15.8,
91.2667,1708.0,1693.8,14.2,
91.3000,1708.0,1695.5,12.5,0.9681
91.3333,1708.0,1699.0,9.0,
91.3667,1708.0,1702.5,5.5,
91.4000,1708.0,1706.0,2.0,0.9609
91.4333,1708.0,1704.0,4.0,
91.4667,1708.0,1702.0,6.0,
91.5000,1708.0,1700.0,8.0,0.9696
91.5333,1708.0,1700.2,7.8,
91.5667,1708.0,1700.3,7.7,
91.6000,1708.0,1700.5,7.5,0.9638
91.6333,1708.0,1699.0,9.0,
91.6667,1708.0,1697.5,10.5,
91.7000,1708.0,1696.0,12.0,0.9680
91.7333,1708.0,1690.5,17.5,
91.7667,1708.0,1685.0,23.0,
91.8000,1708.0,1679.5,28.5,0.9552
91.8333,1708.0,1684.0,24.0,
91.8667,1708.0,1688.5,19.5,
91.9000,1708.0,1693.0,15.0,0.9570
91.9333,1708.0,1693.0,15.0,
91.9667,1708.0,1693.0,15.0,
